,size,height,avg_insert,avg_find,time
0,100.0,13.0,7.85,7.85,0.0010008811950683594
1,200.0,18.0,9.13,9.13,0.0010013580322265625
2,300.0,15.0,8.8,8.8,0.0009999275207519531
3,400.0,17.0,9.55,9.55,0.002000093460083008
4,500.0,19.0,10.516,10.516,0.002002239227294922
5,600.0,21.0,11.406666666666666,11.406666666666666,0.0029926300048828125
6,700.0,19.0,10.812857142857142,10.812857142857142,0.005507707595825195
7,800.0,27.0,11.7575,11.7575,0.005000591278076172
8,900.0,19.0,11.007777777777777,11.007777777777777,0.0049974918365478516
9,1000.0,24.0,12.362,12.362,0.007098197937011719
10,1100.0,23.0,11.617272727272727,11.617272727272727,0.006002187728881836
11,1200.0,22.0,12.859166666666667,12.859166666666667,0.006998777389526367
12,1300.0,23.0,12.402307692307692,12.402307692307692,0.006999492645263672
13,1400.0,23.0,12.050714285714285,12.050714285714285,0.008002042770385742
14,1500.0,25.0,14.081333333333333,14.081333333333333,0.010004281997680664
15,1600.0,26.0,14.018125,14.018125,0.010512113571166992
16,1700.0,21.0,12.067058823529411,12.067058823529411,0.00900411605834961
17,1800.0,25.0,12.846666666666666,12.846666666666666,0.011507034301757812
18,1900.0,24.0,13.26421052631579,13.26421052631579,0.012507438659667969
19,2000.0,25.0,12.4265,12.4265,0.012005090713500977
20,2100.0,22.0,13.26047619047619,13.26047619047619,0.01300358772277832
21,2200.0,25.0,13.572727272727272,13.572727272727272,0.015509605407714844
22,2300.0,26.0,13.114347826086956,13.114347826086956,0.014510631561279297
23,2400.0,25.0,14.265416666666667,14.265416666666667,0.01650214195251465
24,2500.0,22.0,12.9904,12.9904,0.017028331756591797
25,2600.0,26.0,13.281153846153845,13.281153846153845,0.09983038902282715
26,2700.0,28.0,14.518518518518519,14.518518518518519,0.019513607025146484
27,2800.0,27.0,14.003214285714286,14.003214285714286,0.020511865615844727
28,2900.0,26.0,13.981379310344828,13.981379310344828,0.020024538040161133
29,3000.0,26.0,13.819666666666667,13.819666666666667,0.03511190414428711
30,3100.0,24.0,13.680967741935484,13.680967741935484,0.02402496337890625
31,3200.0,26.0,13.8778125,13.8778125,0.02351665496826172
32,3300.0,27.0,14.723333333333333,14.723333333333333,0.025003910064697266
33,3400.0,25.0,14.055,14.055,0.024513721466064453
34,3500.0,30.0,15.503714285714286,15.503714285714286,0.02751469612121582
35,3600.0,25.0,13.855555555555556,13.855555555555556,0.02538776397705078
36,3700.0,25.0,14.088378378378378,14.088378378378378,0.03565835952758789
37,3800.0,25.0,13.576052631578948,13.576052631578948,0.02902984619140625
38,3900.0,32.0,14.764102564102565,14.764102564102565,0.1100776195526123
39,4000.0,26.0,14.33125,14.33125,0.030028820037841797
40,4100.0,25.0,14.353170731707317,14.353170731707317,0.029513120651245117
41,4200.0,25.0,14.061904761904762,14.061904761904762,0.029515981674194336
42,4300.0,30.0,15.18093023255814,15.18093023255814,0.03351593017578125
43,4400.0,24.0,14.392727272727273,14.392727272727273,0.03202676773071289
44,4500.0,31.0,15.803555555555555,15.803555555555555,0.036516427993774414
45,4600.0,27.0,13.956739130434782,13.956739130434782,0.11957812309265137
46,4700.0,30.0,14.87468085106383,14.87468085106383,0.03653144836425781
47,4800.0,28.0,15.137708333333334,15.137708333333334,0.03653287887573242
48,4900.0,29.0,14.845918367346938,14.845918367346938,0.03614020347595215
49,5000.0,30.0,16.0326,16.0326,0.042021989822387695
50,5100.0,30.0,15.873333333333333,15.873333333333333,0.04105973243713379
51,5200.0,28.0,14.581346153846154,14.581346153846154,0.03894996643066406
52,5300.0,33.0,16.362641509433963,16.362641509433963,0.12308597564697266
53,5400.0,26.0,14.744444444444444,14.744444444444444,0.03951835632324219
54,5500.0,29.0,15.308727272727273,15.308727272727273,0.04403042793273926
55,5600.0,31.0,15.00232142857143,15.00232142857143,0.04303288459777832
56,5700.0,27.0,14.793859649122806,14.793859649122806,0.042517900466918945
57,5800.0,30.0,15.052241379310345,15.052241379310345,0.12363171577453613
58,5900.0,25.0,14.100677966101696,14.100677966101696,0.042522430419921875
59,6000.0,31.0,16.166666666666668,16.166666666666668,0.04903364181518555
60,6100.0,28.0,15.596885245901639,15.596885245901639,0.0496830940246582
61,6200.0,31.0,15.99274193548387,15.99274193548387,0.050024986267089844
62,6300.0,31.0,15.863174603174603,15.863174603174603,0.1282355785369873
63,6400.0,29.0,15.43390625,15.43390625,0.053518056869506836
64,6500.0,30.0,15.946,15.946,0.05455660820007324
65,6600.0,29.0,16.201060606060604,16.201060606060604,0.05788540840148926
66,6700.0,28.0,15.576716417910447,15.576716417910447,0.05655050277709961
67,6800.0,29.0,15.806323529411765,15.806323529411765,0.13509917259216309
68,6900.0,32.0,15.295652173913043,15.295652173913043,0.05253720283508301
69,7000.0,28.0,14.817714285714287,14.817714285714287,0.05505681037902832
70,7100.0,28.0,15.421830985915493,15.421830985915493,0.0572361946105957
71,7200.0,28.0,15.945,15.945,0.058548688888549805
72,7300.0,30.0,15.94068493150685,15.94068493150685,0.14160919189453125
73,7400.0,32.0,15.677297297297297,15.677297297297297,0.060543060302734375
74,7500.0,28.0,15.356133333333334,15.356133333333334,0.058547258377075195
75,7600.0,30.0,15.623157894736842,15.623157894736842,0.061029911041259766
76,7700.0,30.0,15.487402597402598,15.487402597402598,0.15570902824401855
77,7800.0,30.0,16.458846153846153,16.458846153846153,0.06603503227233887
78,7900.0,28.0,16.057721518987343,16.057721518987343,0.06713008880615234
79,8000.0,28.0,16.215875,16.215875,0.06502652168273926
80,8100.0,29.0,15.801111111111112,15.801111111111112,0.14015793800354004
81,8200.0,31.0,16.596951219512196,16.596951219512196,0.07258963584899902
82,8300.0,31.0,16.870963855421685,16.870963855421685,0.07006144523620605
83,8400.0,28.0,15.723095238095238,15.723095238095238,0.1636335849761963
84,8500.0,28.0,15.388470588235293,15.388470588235293,0.07005858421325684
85,8600.0,34.0,17.43627906976744,17.43627906976744,0.07553744316101074
86,8700.0,34.0,16.428275862068965,16.428275862068965,0.0733642578125
87,8800.0,31.0,15.91625,15.91625,0.15450572967529297
88,8900.0,30.0,16.409550561797754,16.409550561797754,0.07511734962463379
89,9000.0,31.0,16.79222222222222,16.79222222222222,0.07755851745605469
90,9100.0,33.0,16.922747252747254,16.922747252747254,0.08004379272460938
91,9200.0,28.0,15.615652173913043,15.615652173913043,0.1540839672088623
92,9300.0,29.0,16.036021505376343,16.036021505376343,0.07654070854187012
93,9400.0,33.0,16.663297872340426,16.663297872340426,0.0835573673248291
94,9500.0,28.0,15.65578947368421,15.65578947368421,0.1554698944091797
95,9600.0,32.0,17.127291666666668,17.127291666666668,0.08589935302734375
96,9700.0,35.0,16.836288659793816,16.836288659793816,0.08303213119506836
97,9800.0,34.0,16.53581632653061,16.53581632653061,0.16565227508544922
98,9900.0,33.0,16.38060606060606,16.38060606060606,0.08355879783630371
99,10000.0,29.0,16.0727,16.0727,0.0820472240447998
100,10100.0,31.0,15.815544554455446,15.815544554455446,0.1636521816253662
101,10200.0,35.0,18.18549019607843,18.18549019607843,0.09604859352111816
102,10300.0,30.0,16.87126213592233,16.87126213592233,0.08905553817749023
103,10400.0,27.0,15.437788461538462,15.437788461538462,0.1703641414642334
104,10500.0,31.0,16.388285714285715,16.388285714285715,0.08956146240234375
105,10600.0,31.0,16.852924528301887,16.852924528301887,0.09156298637390137
106,10700.0,33.0,17.787383177570092,17.787383177570092,0.17863965034484863
107,10800.0,29.0,15.981296296296296,15.981296296296296,0.08954405784606934
108,10900.0,31.0,15.829082568807339,15.829082568807339,0.08889007568359375
109,11000.0,30.0,16.765272727272727,16.765272727272727,0.1770946979522705
110,11100.0,30.0,16.376036036036037,16.376036036036037,0.09380006790161133
111,11200.0,29.0,16.661517857142858,16.661517857142858,0.17545318603515625
112,11300.0,34.0,17.55991150442478,17.55991150442478,0.10204720497131348
113,11400.0,32.0,17.358245614035088,17.358245614035088,0.10105681419372559
114,11500.0,33.0,17.022782608695653,17.022782608695653,0.17865705490112305
115,11600.0,30.0,16.669655172413794,16.669655172413794,0.10004997253417969
116,11700.0,33.0,17.315470085470086,17.315470085470086,0.1030583381652832
117,11800.0,32.0,16.322542372881355,16.322542372881355,0.1802055835723877
118,11900.0,31.0,15.96218487394958,15.96218487394958,0.09705281257629395
119,12000.0,31.0,17.428583333333332,17.428583333333332,0.19057583808898926
120,12100.0,32.0,17.009338842975207,17.009338842975207,0.10807991027832031
121,12200.0,34.0,16.540819672131146,16.540819672131146,0.10457634925842285
122,12300.0,32.0,16.793333333333333,16.793333333333333,0.18609881401062012
123,12400.0,33.0,16.898870967741935,16.898870967741935,0.11008143424987793
124,12500.0,31.0,16.96,16.96,0.1110684871673584
125,12600.0,31.0,17.092380952380953,17.092380952380953,0.18293380737304688
126,12700.0,32.0,16.430551181102363,16.430551181102363,0.10857343673706055
127,12800.0,31.0,17.333359375,17.333359375,0.19642281532287598
128,12900.0,29.0,15.813720930232558,15.813720930232558,0.10756039619445801
129,13000.0,34.0,16.922153846153847,16.922153846153847,0.2051539421081543
130,13100.0,33.0,16.43320610687023,16.43320610687023,0.11506414413452148
131,13200.0,30.0,16.83037878787879,16.83037878787879,0.1168363094329834
132,13300.0,31.0,16.87812030075188,16.87812030075188,0.1876993179321289
133,13400.0,35.0,17.999253731343284,17.999253731343284,0.12365913391113281
134,13500.0,33.0,17.350592592592594,17.350592592592594,0.20261216163635254
135,13600.0,32.0,16.60235294117647,16.60235294117647,0.11606335639953613
136,13700.0,30.0,16.37058394160584,16.37058394160584,0.19213652610778809
137,13800.0,30.0,17.026884057971014,17.026884057971014,0.11988472938537598
138,13900.0,33.0,16.859280575539568,16.859280575539568,0.20133328437805176
139,14000.0,30.0,16.387785714285716,16.387785714285716,0.12007451057434082
140,14100.0,35.0,17.531843971631204,17.531843971631204,0.21639800071716309
141,14200.0,35.0,17.56774647887324,17.56774647887324,0.13112807273864746
142,14300.0,36.0,18.86048951048951,18.86048951048951,0.2186415195465088
143,14400.0,35.0,17.805555555555557,17.805555555555557,0.13112187385559082
144,14500.0,31.0,17.11062068965517,17.11062068965517,0.21637558937072754
145,14600.0,33.0,16.704246575342466,16.704246575342466,0.1275644302368164
146,14700.0,32.0,17.79517006802721,17.79517006802721,0.15216064453125
147,14800.0,33.0,17.947702702702703,17.947702702702703,0.22664713859558105
148,14900.0,32.0,17.6203355704698,17.6203355704698,0.21624040603637695
149,15000.0,32.0,17.213266666666666,17.213266666666666,0.13508391380310059
150,15100.0,36.0,18.025629139072848,18.025629139072848,0.2298572063446045
151,15200.0,30.0,16.640592105263156,16.640592105263156,0.13107919692993164
152,15300.0,33.0,16.78529411764706,16.78529411764706,0.13507533073425293
153,15400.0,35.0,18.215584415584416,18.215584415584416,0.22141528129577637
154,15500.0,35.0,17.92735483870968,17.92735483870968,0.148331880569458
155,15600.0,34.0,17.43602564102564,17.43602564102564,0.21063232421875
156,15700.0,36.0,19.007133757961782,19.007133757961782,0.23798155784606934
157,15800.0,37.0,17.67626582278481,17.67626582278481,0.14910101890563965
158,15900.0,32.0,17.540754716981134,17.540754716981134,0.22963976860046387
159,16000.0,34.0,18.0751875,18.0751875,0.15001511573791504
160,16100.0,33.0,17.35552795031056,17.35552795031056,0.2305753231048584
161,16200.0,37.0,17.824876543209875,17.824876543209875,0.15160822868347168
162,16300.0,32.0,17.357852760736197,17.357852760736197,0.227647066116333
163,16400.0,34.0,17.670060975609758,17.670060975609758,0.1550769805908203
164,16500.0,30.0,16.789878787878788,16.789878787878788,0.24021124839782715
165,16600.0,31.0,17.220301204819275,17.220301204819275,0.15520668029785156
166,16700.0,32.0,17.234071856287425,17.234071856287425,0.23183107376098633
167,16800.0,31.0,17.317440476190477,17.317440476190477,0.15449309349060059
168,16900.0,30.0,16.69485207100592,16.69485207100592,0.23401904106140137
169,17000.0,34.0,17.146823529411765,17.146823529411765,0.15559840202331543
170,17100.0,34.0,17.482748538011695,17.482748538011695,0.24125266075134277
171,17200.0,35.0,18.902151162790698,18.902151162790698,0.2507190704345703
172,17300.0,33.0,17.140751445086707,17.140751445086707,0.15715909004211426
173,17400.0,35.0,18.440344827586205,18.440344827586205,0.26021695137023926
174,17500.0,33.0,17.538114285714286,17.538114285714286,0.1661062240600586
175,17600.0,31.0,16.77971590909091,16.77971590909091,0.23488831520080566
176,17700.0,30.0,17.1335593220339,17.1335593220339,0.15759873390197754
177,17800.0,34.0,17.347808988764044,17.347808988764044,0.24355173110961914
178,17900.0,32.0,16.92581005586592,16.92581005586592,0.2464761734008789
179,18000.0,33.0,18.114444444444445,18.114444444444445,0.17070960998535156
180,18100.0,35.0,17.012872928176794,17.012872928176794,0.24859142303466797
181,18200.0,38.0,18.983956043956045,18.983956043956045,0.18210601806640625
182,18300.0,36.0,18.411202185792348,18.411202185792348,0.25615835189819336
183,18400.0,33.0,17.098152173913043,17.098152173913043,0.2540886402130127
184,18500.0,34.0,17.571945945945945,17.571945945945945,0.17362141609191895
185,18600.0,35.0,17.12994623655914,17.12994623655914,0.2526285648345947
186,18700.0,36.0,18.653208556149732,18.653208556149732,0.18007588386535645
187,18800.0,32.0,17.623563829787233,17.623563829787233,0.2539682388305664
188,18900.0,36.0,18.710846560846562,18.710846560846562,0.2751278877258301
189,19000.0,33.0,17.871,17.871,0.18262696266174316
190,19100.0,33.0,17.643979057591622,17.643979057591622,0.26258111000061035
191,19200.0,34.0,16.886041666666667,16.886041666666667,0.17361140251159668
192,19300.0,34.0,17.39725388601036,17.39725388601036,0.2606525421142578
193,19400.0,31.0,17.117525773195876,17.117525773195876,0.26088404655456543
194,19500.0,30.0,17.01025641025641,17.01025641025641,0.17509913444519043
195,19600.0,31.0,17.1934693877551,17.1934693877551,0.2667236328125
196,19700.0,33.0,19.314467005076143,19.314467005076143,0.19862675666809082
197,19800.0,36.0,18.6120202020202,18.6120202020202,0.2688908576965332
198,19900.0,32.0,17.131306532663316,17.131306532663316,0.2631700038909912
199,20000.0,33.0,18.08275,18.08275,0.2846536636352539
200,20100.0,35.0,18.31233830845771,18.31233830845771,0.19199681282043457
201,20200.0,31.0,17.071831683168316,17.071831683168316,0.26915454864501953
202,20300.0,35.0,17.35783251231527,17.35783251231527,0.2747225761413574
203,20400.0,31.0,17.49705882352941,17.49705882352941,0.19062066078186035
204,20500.0,33.0,17.79248780487805,17.79248780487805,0.27960920333862305
205,20600.0,33.0,17.959223300970873,17.959223300970873,0.19580292701721191
206,20700.0,35.0,18.702850241545892,18.702850241545892,0.2794342041015625
207,20800.0,37.0,17.74610576923077,17.74610576923077,0.27880167961120605
208,20900.0,30.0,17.39488038277512,17.39488038277512,0.191694974899292
209,21000.0,35.0,18.920142857142856,18.920142857142856,0.2831721305847168
210,21100.0,34.0,17.56004739336493,17.56004739336493,0.2772672176361084
211,21200.0,30.0,16.877594339622643,16.877594339622643,0.28067469596862793
212,21300.0,36.0,19.083615023474177,19.083615023474177,0.217545747756958
213,21400.0,32.0,18.10733644859813,18.10733644859813,0.28624558448791504
214,21500.0,32.0,17.11013953488372,17.11013953488372,0.28572797775268555
215,21600.0,36.0,17.86634259259259,17.86634259259259,0.2057633399963379
216,21700.0,36.0,18.122258064516128,18.122258064516128,0.2912313938140869
217,21800.0,32.0,17.626743119266056,17.626743119266056,0.28745150566101074
218,21900.0,33.0,17.573287671232876,17.573287671232876,0.29587554931640625
219,22000.0,35.0,17.74922727272727,17.74922727272727,0.2094559669494629
220,22100.0,35.0,18.609004524886878,18.609004524886878,0.2994270324707031
221,22200.0,35.0,18.792792792792792,18.792792792792792,0.30095720291137695
222,22300.0,36.0,19.174484304932736,19.174484304932736,0.2336122989654541
223,22400.0,35.0,18.1,18.1,0.29491710662841797
224,22500.0,35.0,18.303822222222223,18.303822222222223,0.304337739944458
225,22600.0,33.0,17.793893805309736,17.793893805309736,0.2990689277648926
226,22700.0,35.0,18.296211453744494,18.296211453744494,0.22332382202148438
227,22800.0,33.0,17.400394736842106,17.400394736842106,0.2980833053588867
228,22900.0,34.0,19.24886462882096,19.24886462882096,0.3161637783050537
229,23000.0,34.0,18.286826086956523,18.286826086956523,0.22361421585083008
230,23100.0,36.0,17.82891774891775,17.82891774891775,0.29139184951782227
231,23200.0,33.0,17.93405172413793,17.93405172413793,0.30002641677856445
232,23300.0,37.0,19.633218884120172,19.633218884120172,0.3251676559448242
233,23400.0,34.0,18.508162393162394,18.508162393162394,0.31568241119384766
234,23500.0,36.0,18.68221276595745,18.68221276595745,0.3271772861480713
235,23600.0,34.0,17.68707627118644,17.68707627118644,0.22707223892211914
236,23700.0,35.0,18.3489029535865,18.3489029535865,0.31668829917907715
237,23800.0,32.0,17.65668067226891,17.65668067226891,0.30856752395629883
238,23900.0,34.0,18.159748953974894,18.159748953974894,0.3179807662963867
239,24000.0,35.0,17.989708333333333,17.989708333333333,0.23460721969604492
240,24100.0,36.0,18.80858921161826,18.80858921161826,0.32800745964050293
241,24200.0,39.0,19.62702479338843,19.62702479338843,0.3395206928253174
242,24300.0,34.0,17.977818930041153,17.977818930041153,0.32626891136169434
243,24400.0,36.0,19.26950819672131,19.26950819672131,0.2550516128540039
244,24500.0,34.0,18.134367346938774,18.134367346938774,0.3211843967437744
245,24600.0,33.0,17.865243902439026,17.865243902439026,0.32590198516845703
246,24700.0,33.0,18.179716599190282,18.179716599190282,0.330716609954834
247,24800.0,33.0,18.09258064516129,18.09258064516129,0.3372805118560791
248,24900.0,36.0,19.368032128514056,19.368032128514056,0.2617683410644531
249,25000.0,33.0,18.10472,18.10472,0.3280196189880371
250,25100.0,37.0,18.83450199203187,18.83450199203187,0.3346288204193115
251,25200.0,34.0,17.849603174603175,17.849603174603175,0.3270900249481201
252,25300.0,32.0,17.904308300395257,17.904308300395257,0.33667540550231934
253,25400.0,33.0,18.8501968503937,18.8501968503937,0.2605760097503662
254,25500.0,34.0,18.213529411764707,18.213529411764707,0.32893800735473633
255,25600.0,35.0,19.110625,19.110625,0.3494908809661865
256,25700.0,36.0,17.883929961089493,17.883929961089493,0.3368051052093506
257,25800.0,33.0,18.44360465116279,18.44360465116279,0.3467075824737549
258,25900.0,34.0,17.84096525096525,17.84096525096525,0.25260114669799805
259,26000.0,39.0,21.6005,21.6005,0.38190245628356934
260,26100.0,34.0,19.282183908045976,19.282183908045976,0.3494133949279785
261,26200.0,37.0,19.40583969465649,19.40583969465649,0.3520545959472656
262,26300.0,39.0,18.85102661596958,18.85102661596958,0.34952712059020996
263,26400.0,34.0,17.589772727272727,17.589772727272727,0.3373386859893799
264,26500.0,35.0,18.078150943396228,18.078150943396228,0.34600257873535156
265,26600.0,35.0,18.397932330827068,18.397932330827068,0.3486168384552002
266,26700.0,33.0,17.44887640449438,17.44887640449438,0.34598565101623535
267,26800.0,35.0,18.531194029850745,18.531194029850745,0.27208590507507324
268,26900.0,38.0,19.13167286245353,19.13167286245353,0.3527059555053711
269,27000.0,34.0,18.03374074074074,18.03374074074074,0.35030531883239746
270,27100.0,36.0,18.661660516605167,18.661660516605167,0.35567665100097656
271,27200.0,34.0,18.429375,18.429375,0.35834169387817383
272,27300.0,34.0,18.0496336996337,18.0496336996337,0.35529112815856934
273,27400.0,35.0,19.22660583941606,19.22660583941606,0.36847949028015137
274,27500.0,38.0,19.06741818181818,19.06741818181818,0.36957693099975586
275,27600.0,33.0,18.19373188405797,18.19373188405797,0.3729665279388428
276,27700.0,40.0,19.587472924187725,19.587472924187725,0.38640499114990234
277,27800.0,34.0,17.955503597122302,17.955503597122302,0.2798738479614258
278,27900.0,33.0,18.05,18.05,0.36411213874816895
279,28000.0,40.0,21.7595,21.7595,0.40126895904541016
280,28100.0,34.0,18.459537366548044,18.459537366548044,0.3628396987915039
281,28200.0,34.0,17.500177304964538,17.500177304964538,0.35208940505981445
282,28300.0,33.0,17.898127208480567,17.898127208480567,0.5595786571502686
283,28400.0,33.0,18.059859154929576,18.059859154929576,0.48309755325317383
284,28500.0,34.0,17.865333333333332,17.865333333333332,0.42949914932250977
285,28600.0,38.0,19.292517482517482,19.292517482517482,0.3976101875305176
286,28700.0,36.0,19.098536585365853,19.098536585365853,0.3968391418457031
287,28800.0,37.0,19.09861111111111,19.09861111111111,0.5194971561431885
288,28900.0,33.0,18.083598615916955,18.083598615916955,0.3299381732940674
289,29000.0,34.0,18.163793103448278,18.163793103448278,0.3932454586029053
290,29100.0,40.0,20.86295532646048,20.86295532646048,0.5330920219421387
291,29200.0,33.0,18.152465753424657,18.152465753424657,0.3201017379760742
292,29300.0,35.0,18.81249146757679,18.81249146757679,0.41472840309143066
293,29400.0,35.0,19.260816326530612,19.260816326530612,0.4189310073852539
294,29500.0,37.0,20.177593220338984,20.177593220338984,0.4205899238586426
295,29600.0,36.0,18.63364864864865,18.63364864864865,0.3957984447479248
296,29700.0,36.0,18.46760942760943,18.46760942760943,0.3916666507720947
297,29800.0,34.0,18.482181208053692,18.482181208053692,0.4057133197784424
298,29900.0,36.0,19.791973244147158,19.791973244147158,0.4273262023925781
299,30000.0,36.0,18.477566666666668,18.477566666666668,0.39861249923706055
300,30100.0,37.0,18.22514950166113,18.22514950166113,0.39148378372192383
301,30200.0,35.0,18.48728476821192,18.48728476821192,0.48612022399902344
302,30300.0,34.0,18.62009900990099,18.62009900990099,0.32364726066589355
303,30400.0,36.0,18.786052631578947,18.786052631578947,0.4055216312408447
304,30500.0,35.0,18.43527868852459,18.43527868852459,0.4880356788635254
305,30600.0,35.0,18.72732026143791,18.72732026143791,0.3338356018066406
306,30700.0,32.0,18.27527687296417,18.27527687296417,0.39679455757141113
307,30800.0,38.0,18.986233766233767,18.986233766233767,0.49717187881469727
308,30900.0,38.0,20.227961165048544,20.227961165048544,0.34650611877441406
309,31000.0,34.0,18.322612903225806,18.322612903225806,0.5016982555389404
310,31100.0,36.0,19.169710610932476,19.169710610932476,0.3386220932006836
311,31200.0,37.0,18.714647435897437,18.714647435897437,0.40493130683898926
312,31300.0,36.0,18.53485623003195,18.53485623003195,0.5184023380279541
313,31400.0,35.0,18.510031847133757,18.510031847133757,0.33547019958496094
314,31500.0,44.0,21.156825396825397,21.156825396825397,0.5390570163726807
315,31600.0,34.0,17.828227848101267,17.828227848101267,0.3415188789367676
316,31700.0,36.0,18.569716088328075,18.569716088328075,0.4050004482269287
317,31800.0,36.0,19.23889937106918,19.23889937106918,0.5149996280670166
318,31900.0,35.0,18.87727272727273,18.87727272727273,0.33300137519836426
319,32000.0,37.0,18.40975,18.40975,0.40999555587768555
320,32100.0,37.0,19.171806853582556,19.171806853582556,0.5179998874664307
321,32200.0,35.0,18.81366459627329,18.81366459627329,0.4439995288848877
322,32300.0,36.0,18.622414860681115,18.622414860681115,0.42800045013427734
323,32400.0,41.0,18.94972222222222,18.94972222222222,0.5110001564025879
324,32500.0,32.0,17.865661538461538,17.865661538461538,0.43199944496154785
325,32600.0,41.0,18.251656441717792,18.251656441717792,0.3199954032897949
326,32700.0,36.0,18.751743119266056,18.751743119266056,0.506000280380249
327,32800.0,37.0,19.70579268292683,19.70579268292683,0.4479994773864746
328,32900.0,40.0,19.36665653495441,19.36665653495441,0.3670003414154053
329,33000.0,37.0,19.31460606060606,19.31460606060606,0.5239992141723633
330,33100.0,36.0,18.540060422960725,18.540060422960725,0.440000057220459
331,33200.0,35.0,18.25969879518072,18.25969879518072,0.4570012092590332
332,33300.0,38.0,19.55873873873874,19.55873873873874,0.37600016593933105
333,33400.0,36.0,18.67751497005988,18.67751497005988,0.5199997425079346
334,33500.0,37.0,18.70041791044776,18.70041791044776,0.44100260734558105
335,33600.0,35.0,18.949285714285715,18.949285714285715,0.44099998474121094
336,33700.0,38.0,19.813026706231454,19.813026706231454,0.4720001220703125
337,33800.0,36.0,19.706745562130177,19.706745562130177,0.4549996852874756
338,33900.0,35.0,18.694454277286134,18.694454277286134,0.4350004196166992
339,34000.0,36.0,19.71685294117647,19.71685294117647,0.45800042152404785
340,34100.0,37.0,18.440703812316716,18.440703812316716,0.43900060653686523
341,34200.0,37.0,19.654590643274855,19.654590643274855,0.4609975814819336
342,34300.0,36.0,18.865131195335277,18.865131195335277,0.450000524520874
343,34400.0,35.0,19.06875,19.06875,0.45400142669677734
344,34500.0,33.0,18.327014492753623,18.327014492753623,0.44099926948547363
345,34600.0,36.0,18.691473988439306,18.691473988439306,0.3560001850128174
346,34700.0,38.0,18.756109510086457,18.756109510086457,0.5180010795593262
347,34800.0,35.0,18.643994252873565,18.643994252873565,0.44700002670288086
348,34900.0,39.0,19.834097421203438,19.834097421203438,0.4659998416900635
349,35000.0,42.0,19.77377142857143,19.77377142857143,0.49699926376342773
350,35100.0,36.0,19.291680911680913,19.291680911680913,0.46199917793273926
351,35200.0,35.0,18.431051136363635,18.431051136363635,0.45099639892578125
352,35300.0,35.0,18.94028328611898,18.94028328611898,0.4550001621246338
353,35400.0,34.0,18.47593220338983,18.47593220338983,0.45800042152404785
354,35500.0,38.0,19.14712676056338,19.14712676056338,0.4630000591278076
355,35600.0,37.0,19.340337078651686,19.340337078651686,0.46500182151794434
356,35700.0,34.0,18.52792717086835,18.52792717086835,0.45400118827819824
357,35800.0,33.0,18.54494413407821,18.54494413407821,0.4529988765716553
358,35900.0,38.0,19.636239554317548,19.636239554317548,0.46599888801574707
359,36000.0,37.0,19.076416666666667,19.076416666666667,0.46399998664855957
360,36100.0,35.0,18.916398891966757,18.916398891966757,0.5550003051757812
361,36200.0,35.0,18.722624309392266,18.722624309392266,0.4649996757507324
362,36300.0,34.0,18.876776859504133,18.876776859504133,0.47099971771240234
363,36400.0,37.0,19.267912087912087,19.267912087912087,0.4850008487701416
364,36500.0,34.0,18.57545205479452,18.57545205479452,0.4719996452331543
365,36600.0,38.0,19.42513661202186,19.42513661202186,0.4869997501373291
366,36700.0,36.0,19.442343324250682,19.442343324250682,0.49199748039245605
367,36800.0,35.0,19.752527173913045,19.752527173913045,0.4889998435974121
368,36900.0,38.0,18.418780487804877,18.418780487804877,0.4779982566833496
369,37000.0,36.0,19.449324324324323,19.449324324324323,0.6439981460571289
370,37100.0,39.0,19.678975741239892,19.678975741239892,0.4920029640197754
371,37200.0,36.0,18.91524193548387,18.91524193548387,0.4770028591156006
372,37300.0,35.0,18.7886327077748,18.7886327077748,0.470001220703125
373,37400.0,37.0,19.61374331550802,19.61374331550802,0.571000337600708
374,37500.0,37.0,19.332106666666668,19.332106666666668,0.49900031089782715
375,37600.0,40.0,21.40837765957447,21.40837765957447,0.534003734588623
376,37700.0,38.0,19.58100795755968,19.58100795755968,0.4980015754699707
377,37800.0,33.0,19.057010582010584,19.057010582010584,0.49799656867980957
378,37900.0,39.0,19.84720316622691,19.84720316622691,0.4980003833770752
379,38000.0,35.0,19.67371052631579,19.67371052631579,0.494002103805542
380,38100.0,37.0,18.786955380577428,18.786955380577428,0.47700071334838867
381,38200.0,35.0,19.28609947643979,19.28609947643979,0.4830000400543213
382,38300.0,38.0,18.726527415143604,18.726527415143604,0.562000036239624
383,38400.0,39.0,20.611223958333333,20.611223958333333,0.5220005512237549
384,38500.0,36.0,18.519272727272728,18.519272727272728,0.47500014305114746
385,38600.0,35.0,18.322072538860105,18.322072538860105,0.4720003604888916
386,38700.0,36.0,19.238372093023255,19.238372093023255,0.5720000267028809
387,38800.0,36.0,19.833659793814434,19.833659793814434,0.5270004272460938
388,38900.0,37.0,19.54133676092545,19.54133676092545,0.5019996166229248
389,39000.0,35.0,18.986,18.986,0.48799991607666016
390,39100.0,36.0,18.919360613810742,18.919360613810742,0.5800015926361084
391,39200.0,38.0,19.40658163265306,19.40658163265306,0.5089995861053467
392,39300.0,36.0,19.435954198473283,19.435954198473283,0.5110011100769043
393,39400.0,36.0,18.773883248730964,18.773883248730964,0.49700021743774414
394,39500.0,44.0,20.677240506329113,20.677240506329113,0.5310001373291016
395,39600.0,38.0,18.70909090909091,18.70909090909091,0.4909999370574951
396,39700.0,37.0,18.85294710327456,18.85294710327456,0.5749986171722412
397,39800.0,38.0,19.247562814070353,19.247562814070353,0.5099968910217285
398,39900.0,40.0,20.43390977443609,20.43390977443609,0.5200018882751465
399,40000.0,36.0,18.513925,18.513925,0.4889988899230957
400,40100.0,33.0,19.02413965087282,19.02413965087282,0.5769999027252197
401,40200.0,40.0,21.623855721393035,21.623855721393035,0.5529999732971191
402,40300.0,38.0,19.506277915632754,19.506277915632754,0.5219986438751221
403,40400.0,38.0,19.144331683168318,19.144331683168318,0.604001522064209
404,40500.0,35.0,19.182,19.182,0.5299994945526123
405,40600.0,40.0,20.147610837438425,20.147610837438425,0.5350000858306885
406,40700.0,33.0,19.04034398034398,19.04034398034398,0.6119990348815918
407,40800.0,35.0,19.044901960784312,19.044901960784312,0.5339999198913574
408,40900.0,35.0,19.628948655256725,19.628948655256725,0.5489964485168457
409,41000.0,35.0,18.967170731707316,18.967170731707316,0.5139994621276855
410,41100.0,39.0,19.181703163017033,19.181703163017033,0.5189979076385498
411,41200.0,34.0,19.0348786407767,19.0348786407767,0.6089992523193359
412,41300.0,35.0,18.14409200968523,18.14409200968523,0.5220000743865967
413,41400.0,33.0,18.552463768115942,18.552463768115942,0.534998893737793
414,41500.0,36.0,19.782289156626508,19.782289156626508,0.5389974117279053
415,41600.0,37.0,19.629014423076924,19.629014423076924,0.5310032367706299
416,41700.0,37.0,19.104388489208635,19.104388489208635,0.6309986114501953
417,41800.0,36.0,19.62952153110048,19.62952153110048,0.562002420425415
418,41900.0,39.0,21.511169451073986,21.511169451073986,0.5829997062683105
419,42000.0,38.0,19.640357142857145,19.640357142857145,0.6269993782043457
420,42100.0,33.0,18.581710213776724,18.581710213776724,0.5299994945526123
421,42200.0,35.0,19.431350710900475,19.431350710900475,0.7099959850311279
422,42300.0,37.0,19.93432624113475,19.93432624113475,0.5989992618560791
423,42400.0,38.0,20.372783018867924,20.372783018867924,0.684999942779541
424,42500.0,37.0,19.742894117647058,19.742894117647058,0.6189999580383301
425,42600.0,42.0,19.645140845070422,19.645140845070422,0.5969994068145752
426,42700.0,37.0,19.31231850117096,19.31231850117096,0.5629978179931641
427,42800.0,37.0,18.956121495327103,18.956121495327103,0.6569998264312744
428,42900.0,38.0,18.785594405594406,18.785594405594406,0.5920002460479736
429,43000.0,37.0,19.93532558139535,19.93532558139535,0.6160027980804443
430,43100.0,34.0,19.180510440835267,19.180510440835267,0.7040050029754639
431,43200.0,33.0,18.597916666666666,18.597916666666666,0.6020002365112305
432,43300.0,38.0,19.525450346420325,19.525450346420325,0.6075088977813721
433,43400.0,36.0,19.702972350230414,19.702972350230414,0.6920037269592285
434,43500.0,41.0,19.554988505747126,19.554988505747126,0.6169986724853516
435,43600.0,36.0,18.651192660550457,18.651192660550457,0.6150002479553223
436,43700.0,37.0,19.71842105263158,19.71842105263158,0.7570030689239502
437,43800.0,37.0,19.59582191780822,19.59582191780822,0.6399986743927002
438,43900.0,36.0,19.701571753986332,19.701571753986332,0.7460010051727295
439,44000.0,36.0,19.141113636363638,19.141113636363638,0.652998685836792
440,44100.0,38.0,19.36004535147392,19.36004535147392,0.6690006256103516
441,44200.0,35.0,18.840361990950225,18.840361990950225,0.7320020198822021
442,44300.0,37.0,18.91097065462754,18.91097065462754,0.6029996871948242
443,44400.0,38.0,19.65792792792793,19.65792792792793,0.7079992294311523
444,44500.0,42.0,20.403168539325844,20.403168539325844,0.6690006256103516
445,44600.0,35.0,19.041076233183855,19.041076233183855,0.6519970893859863
446,44700.0,39.0,19.830939597315435,19.830939597315435,0.6949965953826904
447,44800.0,38.0,19.686450892857142,19.686450892857142,0.8309981822967529
448,44900.0,38.0,19.483541202672605,19.483541202672605,0.6529991626739502
449,45000.0,37.0,19.901644444444443,19.901644444444443,0.8010005950927734
450,45100.0,37.0,19.476740576496674,19.476740576496674,0.6949958801269531
451,45200.0,38.0,19.90809734513274,19.90809734513274,0.6799981594085693
452,45300.0,37.0,19.148189845474615,19.148189845474615,0.7460000514984131
453,45400.0,33.0,18.359140969162997,18.359140969162997,0.6469998359680176
454,45500.0,36.0,19.391582417582416,19.391582417582416,0.6239995956420898
455,45600.0,39.0,19.246337719298246,19.246337719298246,0.7640032768249512
456,45700.0,38.0,20.083566739606127,20.083566739606127,0.6689989566802979
457,45800.0,36.0,19.28222707423581,19.28222707423581,0.728999137878418
458,45900.0,39.0,19.293050108932462,19.293050108932462,0.6289987564086914
459,46000.0,37.0,18.55295652173913,18.55295652173913,0.6009981632232666
460,46100.0,38.0,18.768069414316702,18.768069414316702,0.695000171661377
461,46200.0,36.0,19.40108225108225,19.40108225108225,0.7509996891021729
462,46300.0,38.0,20.639848812095032,20.639848812095032,0.6930027008056641
463,46400.0,39.0,19.474676724137932,19.474676724137932,0.7210028171539307
464,46500.0,35.0,18.821612903225805,18.821612903225805,0.6319999694824219
465,46600.0,35.0,19.13216738197425,19.13216738197425,0.6359999179840088
466,46700.0,39.0,19.8176017130621,19.8176017130621,0.7250001430511475
467,46800.0,38.0,19.944273504273504,19.944273504273504,0.6419999599456787
468,46900.0,36.0,19.425799573560766,19.425799573560766,0.6190018653869629
469,47000.0,37.0,19.502702127659575,19.502702127659575,0.69700026512146
470,47100.0,39.0,20.366666666666667,20.366666666666667,0.6259987354278564
471,47200.0,34.0,19.210762711864408,19.210762711864408,0.7150001525878906
472,47300.0,40.0,19.136046511627907,19.136046511627907,0.6620011329650879
473,47400.0,37.0,19.138101265822783,19.138101265822783,0.7049999237060547
474,47500.0,39.0,19.963873684210526,19.963873684210526,0.6509952545166016
475,47600.0,38.0,20.40714285714286,20.40714285714286,0.7210001945495605
476,47700.0,39.0,20.14748427672956,20.14748427672956,0.6459996700286865
477,47800.0,37.0,19.642803347280335,19.642803347280335,0.7260003089904785
478,47900.0,37.0,20.490334029227558,20.490334029227558,0.6510000228881836
479,48000.0,35.0,19.311395833333332,19.311395833333332,0.72300124168396
480,48100.0,39.0,18.903430353430352,18.903430353430352,0.6190056800842285
481,48200.0,36.0,19.801286307053942,19.801286307053942,0.7450015544891357
482,48300.0,37.0,19.774989648033127,19.774989648033127,0.7459995746612549
483,48400.0,38.0,19.440619834710745,19.440619834710745,0.6550002098083496
484,48500.0,39.0,19.765835051546393,19.765835051546393,0.6449997425079346
485,48600.0,35.0,18.785987654320987,18.785987654320987,0.726999044418335
486,48700.0,39.0,19.541806981519507,19.541806981519507,0.6609997749328613
487,48800.0,38.0,19.862110655737705,19.862110655737705,0.7459995746612549
488,48900.0,36.0,18.807382413087936,18.807382413087936,0.7289948463439941
489,49000.0,39.0,20.26026530612245,20.26026530612245,0.6760048866271973
490,49100.0,37.0,19.779613034623218,19.779613034623218,0.6660001277923584
491,49200.0,38.0,21.373617886178863,21.373617886178863,0.7770004272460938
492,49300.0,39.0,19.049756592292088,19.049756592292088,0.7390003204345703
493,49400.0,38.0,19.292004048582996,19.292004048582996,0.6499984264373779
494,49500.0,40.0,19.778828282828282,19.778828282828282,0.6560006141662598
495,49600.0,37.0,20.52256048387097,20.52256048387097,0.7699992656707764
496,49700.0,38.0,20.3297384305835,20.3297384305835,0.662999153137207
497,49800.0,34.0,18.825020080321284,18.825020080321284,0.7480001449584961
498,49900.0,35.0,19.072645290581164,19.072645290581164,0.7549998760223389
499,50000.0,39.0,20.40132,20.40132,0.722001314163208
500,50100.0,37.0,18.551676646706586,18.551676646706586,0.6640009880065918
501,50200.0,38.0,20.274721115537847,20.274721115537847,0.7579998970031738
502,50300.0,36.0,19.309284294234594,19.309284294234594,0.7239995002746582
503,50400.0,38.0,19.658075396825396,19.658075396825396,0.6579995155334473
504,50500.0,38.0,19.935504950495048,19.935504950495048,0.6420042514801025
505,50600.0,38.0,20.16577075098814,20.16577075098814,0.7240002155303955
506,50700.0,36.0,19.91648915187377,19.91648915187377,0.7630000114440918
507,50800.0,36.0,19.57177165354331,19.57177165354331,0.6559998989105225
508,50900.0,37.0,19.172180746561885,19.172180746561885,0.7319996356964111
509,51000.0,37.0,19.07464705882353,19.07464705882353,0.6420001983642578
510,51100.0,40.0,19.981819960861056,19.981819960861056,0.75099778175354
511,51200.0,35.0,19.24431640625,19.24431640625,0.6429996490478516
512,51300.0,35.0,19.044035087719298,19.044035087719298,0.7320027351379395
513,51400.0,39.0,19.234552529182878,19.234552529182878,0.6530008316040039
514,51500.0,36.0,19.79464077669903,19.79464077669903,0.7619998455047607
515,51600.0,37.0,19.56998062015504,19.56998062015504,0.6640017032623291
516,51700.0,38.0,20.544700193423598,20.544700193423598,0.6759998798370361
517,51800.0,37.0,19.9527027027027,19.9527027027027,0.7409992218017578
518,51900.0,40.0,19.7788246628131,19.7788246628131,0.7749989032745361
519,52000.0,39.0,19.44780769230769,19.44780769230769,0.6839988231658936
520,52100.0,42.0,19.983857965451055,19.983857965451055,0.6620001792907715
521,52200.0,38.0,19.6677969348659,19.6677969348659,0.7379999160766602
522,52300.0,36.0,19.512313575525813,19.512313575525813,0.7579998970031738
523,52400.0,36.0,19.46354961832061,19.46354961832061,0.6759994029998779
524,52500.0,41.0,20.009028571428573,20.009028571428573,0.6680006980895996
525,52600.0,39.0,20.519391634980988,20.519391634980988,0.7609999179840088
526,52700.0,40.0,19.649829222011384,19.649829222011384,0.7689995765686035
527,52800.0,42.0,20.17278409090909,20.17278409090909,0.6809992790222168
528,52900.0,36.0,19.425160680529302,19.425160680529302,0.7469997406005859
529,53000.0,38.0,19.86166037735849,19.86166037735849,0.6690006256103516
530,53100.0,38.0,19.978512241054613,19.978512241054613,0.7579996585845947
531,53200.0,37.0,20.369586466165412,20.369586466165412,0.7950019836425781
532,53300.0,35.0,19.59016885553471,19.59016885553471,0.6750006675720215
533,53400.0,36.0,19.36144194756554,19.36144194756554,0.6650004386901855
534,53500.0,37.0,19.175271028037383,19.175271028037383,0.739999532699585
535,53600.0,37.0,19.342276119402985,19.342276119402985,0.7600007057189941
536,53700.0,38.0,19.979944134078213,19.979944134078213,0.7809998989105225
537,53800.0,40.0,19.83182156133829,19.83182156133829,0.6859996318817139
538,53900.0,36.0,19.0821706864564,19.0821706864564,0.7569968700408936
539,54000.0,38.0,19.676388888888887,19.676388888888887,0.6809995174407959
540,54100.0,41.0,19.931866913123844,19.931866913123844,0.7619965076446533
541,54200.0,38.0,20.605,20.605,0.8170006275177002
542,54300.0,38.0,20.145174953959483,20.145174953959483,0.7119991779327393
543,54400.0,38.0,20.176838235294117,20.176838235294117,0.793999433517456
544,54500.0,37.0,20.91467889908257,20.91467889908257,0.7230050563812256
545,54600.0,42.0,20.34635531135531,20.34635531135531,0.7819998264312744
546,54700.0,36.0,19.478263254113344,19.478263254113344,0.7640001773834229
547,54800.0,36.0,20.614014598540145,20.614014598540145,0.8119995594024658
548,54900.0,38.0,20.320692167577413,20.320692167577413,0.7190036773681641
549,55000.0,38.0,19.56558181818182,19.56558181818182,0.7879998683929443
550,55100.0,34.0,19.027404718693283,19.027404718693283,0.6779999732971191
551,55200.0,38.0,19.5411231884058,19.5411231884058,0.7960002422332764
552,55300.0,37.0,19.947956600361664,19.947956600361664,0.7020044326782227
553,55400.0,35.0,19.7277797833935,19.7277797833935,0.78999924659729
554,55500.0,35.0,19.319225225225225,19.319225225225225,0.7740001678466797
555,55600.0,41.0,20.082607913669065,20.082607913669065,0.7100005149841309
556,55700.0,42.0,21.61265709156194,21.61265709156194,0.8350002765655518
557,55800.0,37.0,19.098494623655913,19.098494623655913,0.7790002822875977
558,55900.0,37.0,20.182862254025046,20.182862254025046,0.7209997177124023
559,56000.0,36.0,19.332964285714286,19.332964285714286,0.7779996395111084
560,56100.0,38.0,20.014099821746882,20.014099821746882,0.8090014457702637
561,56200.0,45.0,20.59076512455516,20.59076512455516,0.7379999160766602
562,56300.0,38.0,19.713712255772645,19.713712255772645,0.797999382019043
563,56400.0,40.0,19.926524822695036,19.926524822695036,0.8130009174346924
564,56500.0,40.0,20.39932743362832,20.39932743362832,0.8550033569335938
565,56600.0,38.0,20.5121554770318,20.5121554770318,0.7480001449584961
566,56700.0,37.0,19.89495590828924,19.89495590828924,0.8060002326965332
567,56800.0,37.0,20.303397887323943,20.303397887323943,0.7400000095367432
568,56900.0,36.0,18.86725834797891,18.86725834797891,0.7729988098144531
569,57000.0,36.0,19.342894736842105,19.342894736842105,0.7979998588562012
570,57100.0,37.0,19.124203152364274,19.124203152364274,0.8009982109069824
571,57200.0,39.0,20.34729020979021,20.34729020979021,0.8310012817382812
572,57300.0,38.0,20.046579406631764,20.046579406631764,0.7429981231689453
573,57400.0,39.0,19.373850174216027,19.373850174216027,0.8259997367858887
574,57500.0,36.0,19.12584347826087,19.12584347826087,0.7189984321594238
575,57600.0,38.0,19.518038194444443,19.518038194444443,0.8170003890991211
576,57700.0,38.0,20.870259965337954,20.870259965337954,0.858999490737915
577,57800.0,37.0,19.57365051903114,19.57365051903114,0.7450001239776611
578,57900.0,37.0,19.64350604490501,19.64350604490501,0.8480005264282227
579,58000.0,42.0,19.431827586206897,19.431827586206897,0.8499999046325684
580,58100.0,35.0,19.2512908777969,19.2512908777969,0.7239978313446045
581,58200.0,36.0,20.446975945017183,20.446975945017183,0.867999792098999
582,58300.0,37.0,19.97228130360206,19.97228130360206,0.7569997310638428
583,58400.0,36.0,19.420222602739727,19.420222602739727,0.8249998092651367
584,58500.0,39.0,21.100786324786323,21.100786324786323,0.8709969520568848
585,58600.0,37.0,19.037679180887373,19.037679180887373,0.7229995727539062
586,58700.0,37.0,19.119625212947188,19.119625212947188,0.810997486114502
587,58800.0,36.0,19.825731292517005,19.825731292517005,0.849999189376831
588,58900.0,37.0,19.41942275042445,19.41942275042445,0.8320000171661377
589,59000.0,38.0,20.321644067796612,20.321644067796612,0.764000415802002
590,59100.0,37.0,19.634839255499156,19.634839255499156,0.8379988670349121
591,59200.0,40.0,21.758631756756756,21.758631756756756,0.9289979934692383
592,59300.0,39.0,20.355295109612143,20.355295109612143,0.7859992980957031
593,59400.0,40.0,20.438872053872053,20.438872053872053,0.8720004558563232
594,59500.0,37.0,19.917697478991595,19.917697478991595,0.7539999485015869
595,59600.0,35.0,19.69006711409396,19.69006711409396,0.8310003280639648
596,59700.0,43.0,20.314137353433836,20.314137353433836,0.864999532699585
597,59800.0,36.0,19.368478260869566,19.368478260869566,0.8319995403289795
598,59900.0,41.0,20.02195325542571,20.02195325542571,0.870999813079834
599,60000.0,41.0,21.0031,21.0031,0.8959994316101074
600,60100.0,39.0,19.480382695507487,19.480382695507487,0.7630026340484619
601,60200.0,38.0,20.113471760797342,20.113471760797342,0.878000020980835
602,60300.0,38.0,19.837728026534,19.837728026534,0.8729994297027588
603,60400.0,38.0,20.951241721854306,20.951241721854306,0.8189985752105713
604,60500.0,39.0,19.70619834710744,19.70619834710744,0.8600006103515625
605,60600.0,35.0,19.756633663366337,19.756633663366337,0.8659994602203369
606,60700.0,39.0,20.714744645799012,20.714744645799012,0.7929987907409668
607,60800.0,39.0,20.079786184210526,20.079786184210526,0.8630001544952393
608,60900.0,38.0,20.18832512315271,20.18832512315271,0.8659999370574951
609,61000.0,39.0,20.175524590163935,20.175524590163935,0.8840000629425049
610,61100.0,43.0,20.89166939443535,20.89166939443535,0.9260005950927734
611,61200.0,42.0,21.28625816993464,21.28625816993464,0.8229999542236328
612,61300.0,39.0,20.43347471451876,20.43347471451876,0.8919999599456787
613,61400.0,38.0,19.743485342019543,19.743485342019543,0.8779981136322021
614,61500.0,50.0,19.83271544715447,19.83271544715447,0.7940003871917725
615,61600.0,38.0,19.559837662337664,19.559837662337664,0.8510000705718994
616,61700.0,36.0,20.2262074554295,20.2262074554295,0.8870007991790771
617,61800.0,40.0,20.947977346278318,20.947977346278318,0.8920004367828369
618,61900.0,36.0,19.269596122778676,19.269596122778676,0.8550004959106445
619,62000.0,43.0,21.585387096774195,21.585387096774195,0.9209990501403809
620,62100.0,38.0,20.200998389694043,20.200998389694043,0.8170003890991211
621,62200.0,40.0,20.932524115755626,20.932524115755626,0.9059996604919434
622,62300.0,38.0,19.66059390048154,19.66059390048154,0.8490016460418701
623,62400.0,42.0,22.119615384615386,22.119615384615386,1.0330004692077637
624,62500.0,38.0,21.195936,21.195936,0.8279998302459717
625,62600.0,36.0,19.480223642172525,19.480223642172525,0.8680002689361572
626,62700.0,42.0,20.03902711323764,20.03902711323764,0.8869998455047607
627,62800.0,39.0,20.799315286624203,20.799315286624203,0.9149999618530273
628,62900.0,39.0,20.056025437201907,20.056025437201907,0.8240015506744385
629,63000.0,38.0,19.798555555555556,19.798555555555556,0.8889977931976318
630,63100.0,37.0,19.18231378763867,19.18231378763867,0.8580002784729004
631,63200.0,40.0,21.701756329113923,21.701756329113923,0.9299983978271484
632,63300.0,38.0,19.567804107424962,19.567804107424962,0.8779962062835693
633,63400.0,40.0,20.110047318611986,20.110047318611986,0.8789997100830078
634,63500.0,37.0,19.33451968503937,19.33451968503937,0.8090012073516846
635,63600.0,37.0,19.755220125786163,19.755220125786163,0.9110000133514404
636,63700.0,40.0,21.198806907378337,21.198806907378337,0.9609997272491455
637,63800.0,42.0,20.508510971786833,20.508510971786833,0.943000078201294
638,63900.0,38.0,20.86190923317684,20.86190923317684,0.8499963283538818
639,64000.0,36.0,19.731828125,19.731828125,0.9009993076324463
640,64100.0,38.0,20.973120124804993,20.973120124804993,0.9679996967315674
641,64200.0,37.0,19.86582554517134,19.86582554517134,0.9269998073577881
642,64300.0,36.0,19.750124416796268,19.750124416796268,0.9419987201690674
643,64400.0,40.0,20.436273291925467,20.436273291925467,0.8480010032653809
644,64500.0,40.0,19.95677519379845,19.95677519379845,0.9200007915496826
645,64600.0,38.0,19.789674922600618,19.789674922600618,0.9170002937316895
646,64700.0,40.0,19.863925811437404,19.863925811437404,0.9269993305206299
647,64800.0,38.0,19.781975308641975,19.781975308641975,0.8259999752044678
648,64900.0,39.0,20.46372881355932,20.46372881355932,0.9309988021850586
649,65000.0,39.0,19.923784615384616,19.923784615384616,0.9079999923706055
650,65100.0,35.0,19.890430107526882,19.890430107526882,0.9539990425109863
651,65200.0,40.0,21.097745398773007,21.097745398773007,0.971001386642456
652,65300.0,38.0,20.454532924961715,20.454532924961715,0.8570020198822021
653,65400.0,38.0,21.020366972477063,21.020366972477063,0.948998212814331
654,65500.0,40.0,20.261160305343513,20.261160305343513,1.0220000743865967
655,65600.0,39.0,20.158140243902437,20.158140243902437,0.8429996967315674
656,65700.0,41.0,20.743211567732114,20.743211567732114,0.9520001411437988
657,65800.0,39.0,20.081155015197567,20.081155015197567,0.930999755859375
658,65900.0,39.0,20.168786039453718,20.168786039453718,0.9460010528564453
659,66000.0,38.0,20.052212121212122,20.052212121212122,0.9440000057220459
660,66100.0,39.0,20.509379727685324,20.509379727685324,0.9570000171661377
661,66200.0,38.0,20.868293051359515,20.868293051359515,0.877000093460083
662,66300.0,38.0,21.029622926093513,21.029622926093513,0.9570002555847168
663,66400.0,36.0,20.57472891566265,20.57472891566265,1.0510010719299316
664,66500.0,38.0,20.09306766917293,20.09306766917293,0.8620002269744873
665,66600.0,39.0,20.575765765765766,20.575765765765766,0.9619991779327393
666,66700.0,38.0,20.021334332833582,20.021334332833582,0.9500012397766113
667,66800.0,40.0,20.4274251497006,20.4274251497006,0.9469995498657227
668,66900.0,37.0,20.311076233183858,20.311076233183858,0.9449996948242188
669,67000.0,40.0,19.661716417910448,19.661716417910448,0.9459962844848633
670,67100.0,41.0,20.58967213114754,20.58967213114754,0.9710016250610352
671,67200.0,40.0,20.33791666666667,20.33791666666667,0.9769995212554932
672,67300.0,37.0,21.03668647845468,21.03668647845468,0.8979997634887695
673,67400.0,42.0,20.29480712166172,20.29480712166172,0.9530014991760254
674,67500.0,41.0,20.555451851851853,20.555451851851853,1.0709998607635498
675,67600.0,36.0,19.628402366863906,19.628402366863906,0.8580007553100586
676,67700.0,40.0,20.142658788774003,20.142658788774003,0.9730002880096436
677,67800.0,41.0,22.57353982300885,22.57353982300885,1.0529999732971191
678,67900.0,44.0,20.52039764359352,20.52039764359352,0.9679992198944092
679,68000.0,38.0,21.235264705882354,21.235264705882354,0.9850001335144043
680,68100.0,37.0,19.364067547723934,19.364067547723934,0.930999755859375
681,68200.0,40.0,21.983445747800587,21.983445747800587,1.1300015449523926
682,68300.0,38.0,20.798301610541728,20.798301610541728,0.9080002307891846
683,68400.0,36.0,20.036827485380115,20.036827485380115,0.9569988250732422
684,68500.0,37.0,20.27731386861314,20.27731386861314,1.0679996013641357
685,68600.0,37.0,19.7534110787172,19.7534110787172,0.8700006008148193
686,68700.0,40.0,21.362896652110624,21.362896652110624,1.0329995155334473
687,68800.0,38.0,19.435363372093022,19.435363372093022,0.9369993209838867
688,68900.0,39.0,21.04043541364296,21.04043541364296,0.9910018444061279
689,69000.0,39.0,20.303057971014493,20.303057971014493,1.0759997367858887
690,69100.0,39.0,20.986367583212736,20.986367583212736,0.9140017032623291
691,69200.0,36.0,20.40692196531792,20.40692196531792,0.9780011177062988
692,69300.0,47.0,20.404747474747474,20.404747474747474,1.103999376296997
693,69400.0,39.0,20.35469740634006,20.35469740634006,0.9110007286071777
694,69500.0,38.0,20.317755395683452,20.317755395683452,1.0850005149841309
695,69600.0,38.0,19.805330459770115,19.805330459770115,0.8950002193450928
696,69700.0,37.0,19.481004304160688,19.481004304160688,0.9649999141693115
697,69800.0,40.0,21.37885386819484,21.37885386819484,1.11899995803833
698,69900.0,40.0,21.088884120171674,21.088884120171674,0.9329996109008789
699,70000.0,38.0,20.5102,20.5102,1.0950000286102295
700,70100.0,38.0,19.825606276747504,19.825606276747504,0.8919980525970459
701,70200.0,40.0,19.84477207977208,19.84477207977208,0.9809997081756592
702,70300.0,38.0,20.53714082503556,20.53714082503556,1.124000072479248
703,70400.0,40.0,20.450738636363635,20.450738636363635,0.9290015697479248
704,70500.0,39.0,20.373120567375885,20.373120567375885,1.0880000591278076
705,70600.0,41.0,21.64103399433428,21.64103399433428,1.0669989585876465
706,70700.0,39.0,20.825785007072135,20.825785007072135,0.9419994354248047
707,70800.0,41.0,20.102005649717515,20.102005649717515,1.0879995822906494
708,70900.0,36.0,20.084090267983076,20.084090267983076,0.9170010089874268
709,71000.0,38.0,20.19001408450704,20.19001408450704,1.0019981861114502
710,71100.0,39.0,20.622587904360056,20.622587904360056,1.1250014305114746
711,71200.0,38.0,21.33821629213483,21.33821629213483,0.9640007019042969
712,71300.0,39.0,20.52039270687237,20.52039270687237,1.0880000591278076
713,71400.0,36.0,20.36158263305322,20.36158263305322,1.0669982433319092
714,71500.0,39.0,20.44381818181818,20.44381818181818,0.9469985961914062
715,71600.0,39.0,20.817653631284916,20.817653631284916,1.118999719619751
716,71700.0,39.0,20.040209205020922,20.040209205020922,1.0280003547668457
717,71800.0,39.0,20.43568245125348,20.43568245125348,1.0360000133514404
718,71900.0,37.0,19.855841446453407,19.855841446453407,0.9219999313354492
719,72000.0,37.0,20.02898611111111,20.02898611111111,1.112999439239502
720,72100.0,37.0,20.336809986130376,20.336809986130376,0.9390003681182861
721,72200.0,39.0,20.21465373961219,20.21465373961219,1.119999647140503
722,72300.0,36.0,19.637579529737206,19.637579529737206,0.9110000133514404
723,72400.0,36.0,20.395455801104973,20.395455801104973,1.114999771118164
724,72500.0,39.0,20.96208275862069,20.96208275862069,1.0589964389801025
725,72600.0,43.0,21.161570247933884,21.161570247933884,0.9679999351501465
726,72700.0,43.0,21.412269601100412,21.412269601100412,1.1670000553131104
727,72800.0,44.0,21.940164835164836,21.940164835164836,1.1050000190734863
728,72900.0,39.0,20.405404663923182,20.405404663923182,0.9420011043548584
729,73000.0,39.0,19.922027397260273,19.922027397260273,1.109999656677246
730,73100.0,46.0,21.800560875512996,21.800560875512996,1.1250073909759521
731,73200.0,41.0,20.171898907103824,20.171898907103824,0.9580001831054688
732,73300.0,37.0,20.277994542974078,20.277994542974078,1.1210010051727295
733,73400.0,40.0,22.0225068119891,22.0225068119891,1.11899995803833
734,73500.0,41.0,20.348857142857142,20.348857142857142,0.9639999866485596
735,73600.0,40.0,20.179402173913044,20.179402173913044,1.1250033378601074
736,73700.0,42.0,20.982048846675713,20.982048846675713,1.11899995803833
737,73800.0,39.0,20.675257452574527,20.675257452574527,0.9679977893829346
738,73900.0,39.0,20.370838971583222,20.370838971583222,1.1570000648498535
739,74000.0,39.0,20.672810810810812,20.672810810810812,0.9809994697570801
740,74100.0,36.0,19.80399460188934,19.80399460188934,1.1319994926452637
741,74200.0,37.0,19.739865229110514,19.739865229110514,0.9409992694854736
742,74300.0,36.0,19.673755047106326,19.673755047106326,1.0199999809265137
743,74400.0,39.0,20.954139784946236,20.954139784946236,1.1689999103546143
744,74500.0,38.0,20.261973154362416,20.261973154362416,1.0719997882843018
745,74600.0,40.0,21.624812332439678,21.624812332439678,1.1140000820159912
746,74700.0,44.0,20.263226238286478,20.263226238286478,1.0729997158050537
747,74800.0,38.0,20.61840909090909,20.61840909090909,0.9840009212493896
748,74900.0,39.0,19.7443391188251,19.7443391188251,1.1500017642974854
749,75000.0,39.0,21.64008,21.64008,1.0209999084472656
750,75100.0,42.0,21.492157123834886,21.492157123834886,1.1979999542236328
751,75200.0,41.0,21.12159574468085,21.12159574468085,1.118999719619751
752,75300.0,40.0,20.092045152722445,20.092045152722445,0.9810006618499756
753,75400.0,39.0,20.866777188328914,20.866777188328914,1.1670005321502686
754,75500.0,40.0,21.08137748344371,21.08137748344371,1.1159999370574951
755,75600.0,38.0,19.96579365079365,19.96579365079365,1.0759999752044678
756,75700.0,38.0,20.26668428005284,20.26668428005284,0.9940001964569092
757,75800.0,40.0,20.89911609498681,20.89911609498681,1.1669998168945312
758,75900.0,38.0,20.387154150197627,20.387154150197627,1.0920007228851318
759,76000.0,40.0,20.981236842105265,20.981236842105265,1.110001564025879
760,76100.0,40.0,20.87250985545335,20.87250985545335,1.106999397277832
761,76200.0,38.0,20.735629921259843,20.735629921259843,1.1010000705718994
762,76300.0,41.0,20.273879423328964,20.273879423328964,1.1800012588500977
763,76400.0,42.0,21.81657068062827,21.81657068062827,1.1489989757537842
764,76500.0,42.0,20.35813071895425,20.35813071895425,1.1119999885559082
765,76600.0,40.0,20.90597911227154,20.90597911227154,1.1209995746612549
766,76700.0,43.0,21.400469361147326,21.400469361147326,1.0380024909973145
767,76800.0,39.0,19.997786458333334,19.997786458333334,1.1649997234344482
768,76900.0,37.0,20.20002600780234,20.20002600780234,1.1360008716583252
769,77000.0,36.0,20.163597402597404,20.163597402597404,1.0079975128173828
770,77100.0,42.0,21.00798962386511,21.00798962386511,1.2179999351501465
771,77200.0,41.0,21.37713730569948,21.37713730569948,1.1559994220733643
772,77300.0,38.0,20.409637774902976,20.409637774902976,1.0029995441436768
773,77400.0,43.0,20.533178294573645,20.533178294573645,1.1999995708465576
774,77500.0,39.0,20.666593548387098,20.666593548387098,1.1560001373291016
775,77600.0,39.0,21.052371134020618,21.052371134020618,1.1500000953674316
776,77700.0,38.0,20.55171171171171,20.55171171171171,1.139995813369751
777,77800.0,38.0,20.383946015424165,20.383946015424165,1.1409993171691895
778,77900.0,40.0,20.703068035943517,20.703068035943517,1.0310001373291016
779,78000.0,42.0,21.24325641025641,21.24325641025641,1.2210009098052979
780,78100.0,38.0,20.518386683738797,20.518386683738797,1.1210002899169922
781,78200.0,37.0,19.415140664961637,19.415140664961637,1.0919952392578125
782,78300.0,39.0,20.27351213282248,20.27351213282248,1.121000051498413
783,78400.0,40.0,20.460880102040818,20.460880102040818,1.1559998989105225
784,78500.0,42.0,20.929031847133757,20.929031847133757,1.1710031032562256
785,78600.0,45.0,21.417709923664123,21.417709923664123,1.1640002727508545
786,78700.0,39.0,20.6910292249047,20.6910292249047,1.1499989032745361
787,78800.0,37.0,19.781928934010153,19.781928934010153,1.1180002689361572
788,78900.0,40.0,21.215437262357415,21.215437262357415,1.1670012474060059
789,79000.0,41.0,21.156518987341773,21.156518987341773,1.1430001258850098
790,79100.0,40.0,20.92890012642225,20.92890012642225,1.1309998035430908
791,79200.0,37.0,20.63246212121212,20.63246212121212,1.2179996967315674
792,79300.0,40.0,19.712080706179066,19.712080706179066,1.1060009002685547
793,79400.0,41.0,20.955541561712845,20.955541561712845,1.1499998569488525
794,79500.0,40.0,20.31606289308176,20.31606289308176,1.1449997425079346
795,79600.0,43.0,21.569082914572864,21.569082914572864,1.1840009689331055
796,79700.0,44.0,21.64106649937265,21.64106649937265,1.2720015048980713
797,79800.0,38.0,21.047268170426065,21.047268170426065,1.1649999618530273
798,79900.0,39.0,20.45635794743429,20.45635794743429,1.1559994220733643
799,80000.0,39.0,20.8170375,20.8170375,1.1539995670318604
800,80100.0,38.0,20.03142322097378,20.03142322097378,1.1200003623962402
801,80200.0,39.0,20.218154613466336,20.218154613466336,1.253000020980835
802,80300.0,39.0,19.856836861768368,19.856836861768368,1.1340000629425049
803,80400.0,37.0,20.377699004975124,20.377699004975124,1.1440000534057617
804,80500.0,43.0,21.472919254658386,21.472919254658386,1.1749987602233887
805,80600.0,41.0,20.953746898263027,20.953746898263027,1.2610008716583252
806,80700.0,42.0,21.22622057001239,21.22622057001239,1.185999870300293
807,80800.0,39.0,21.126633663366338,21.126633663366338,1.1600003242492676
808,80900.0,40.0,20.27975278121137,20.27975278121137,1.237999677658081
809,81000.0,37.0,20.516197530864197,20.516197530864197,1.2499995231628418
810,81100.0,38.0,20.608705302096176,20.608705302096176,1.1860013008117676
811,81200.0,39.0,20.06002463054187,20.06002463054187,1.238288164138794
812,81300.0,41.0,21.039471094710947,21.039471094710947,1.195000171661377
813,81400.0,39.0,19.711203931203933,19.711203931203933,1.1400012969970703
814,81500.0,37.0,20.292110429447852,20.292110429447852,1.176999568939209
815,81600.0,41.0,21.393026960784315,21.393026960784315,1.1919996738433838
816,81700.0,38.0,21.065214198286412,21.065214198286412,1.253000020980835
817,81800.0,43.0,20.368459657701713,20.368459657701713,1.1629998683929443
818,81900.0,42.0,21.722783882783883,21.722783882783883,1.200000286102295
819,82000.0,37.0,19.849073170731707,19.849073170731707,1.2399981021881104
820,82100.0,38.0,20.42059683313033,20.42059683313033,1.2019999027252197
821,82200.0,41.0,20.275364963503648,20.275364963503648,1.1820011138916016
822,82300.0,39.0,20.631810449574726,20.631810449574726,1.2009994983673096
823,82400.0,38.0,20.234199029126213,20.234199029126213,1.1910021305084229
824,82500.0,41.0,21.443442424242424,21.443442424242424,1.3390040397644043
825,82600.0,40.0,20.00085956416465,20.00085956416465,1.172001838684082
826,82700.0,40.0,21.066408706166868,21.066408706166868,1.2190001010894775
827,82800.0,38.0,19.75997584541063,19.75997584541063,1.3009991645812988
828,82900.0,41.0,20.335753920386008,20.335753920386008,1.213000774383545
829,83000.0,38.0,21.01289156626506,21.01289156626506,1.2439994812011719
830,83100.0,36.0,20.675571600481348,20.675571600481348,1.2290003299713135
831,83200.0,40.0,20.924194711538462,20.924194711538462,1.2200002670288086
832,83300.0,42.0,21.061596638655462,21.061596638655462,1.2410006523132324
833,83400.0,40.0,20.27474820143885,20.27474820143885,1.2329990863800049
834,83500.0,43.0,20.528407185628744,20.528407185628744,1.2209999561309814
835,83600.0,40.0,21.984593301435407,21.984593301435407,1.2600011825561523
836,83700.0,43.0,20.632700119474315,20.632700119474315,1.1939997673034668
837,83800.0,41.0,20.510047732696897,20.510047732696897,1.3080010414123535
838,83900.0,39.0,19.881680572109655,19.881680572109655,1.0919997692108154
839,84000.0,38.0,20.738785714285715,20.738785714285715,1.2719988822937012
840,84100.0,43.0,21.664958382877526,21.664958382877526,1.253000259399414
841,84200.0,41.0,20.738634204275535,20.738634204275535,1.3589990139007568
842,84300.0,39.0,19.932408066429417,19.932408066429417,1.235999345779419
843,84400.0,43.0,20.9346327014218,20.9346327014218,1.251000165939331
844,84500.0,38.0,20.542568047337276,20.542568047337276,1.2289998531341553
845,84600.0,40.0,21.547127659574468,21.547127659574468,1.2750000953674316
846,84700.0,39.0,20.86951593860685,20.86951593860685,1.2800002098083496
847,84800.0,41.0,22.22754716981132,22.22754716981132,1.2929999828338623
848,84900.0,40.0,20.72,20.72,1.2380001544952393
849,85000.0,43.0,21.33895294117647,21.33895294117647,1.1530029773712158
850,85100.0,40.0,21.00786133960047,21.00786133960047,1.324002742767334
851,85200.0,41.0,20.917582159624413,20.917582159624413,1.2239997386932373
852,85300.0,35.0,20.11284876905041,20.11284876905041,1.3010001182556152
853,85400.0,38.0,20.09502341920375,20.09502341920375,1.2070000171661377
854,85500.0,42.0,20.601567251461987,20.601567251461987,1.214000940322876
855,85600.0,40.0,20.255257009345794,20.255257009345794,1.2990036010742188
856,85700.0,41.0,20.275227537922987,20.275227537922987,1.2230000495910645
857,85800.0,43.0,21.371037296037297,21.371037296037297,1.2520008087158203
858,85900.0,38.0,19.940093131548313,19.940093131548313,1.3010001182556152
859,86000.0,39.0,20.106755813953487,20.106755813953487,1.2030010223388672
860,86100.0,37.0,20.158722415795587,20.158722415795587,1.3420000076293945
861,86200.0,38.0,20.257064965197216,20.257064965197216,1.257002592086792
862,86300.0,41.0,21.306929316338355,21.306929316338355,1.2850005626678467
863,86400.0,38.0,20.15997685185185,20.15997685185185,1.248002290725708
864,86500.0,39.0,19.90008092485549,19.90008092485549,1.226001501083374
865,86600.0,38.0,19.70663972286374,19.70663972286374,1.185999870300293
866,86700.0,40.0,20.86277970011534,20.86277970011534,1.3490004539489746
867,86800.0,44.0,21.686785714285715,21.686785714285715,1.3269999027252197
868,86900.0,44.0,21.64789413118527,21.64789413118527,1.2960002422332764
869,87000.0,38.0,20.37212643678161,20.37212643678161,1.25
870,87100.0,42.0,20.850298507462686,20.850298507462686,1.3479976654052734
871,87200.0,41.0,20.86118119266055,20.86118119266055,1.2699997425079346
872,87300.0,38.0,20.68651775486827,20.68651775486827,1.2599999904632568
873,87400.0,39.0,20.451716247139586,20.451716247139586,1.3549997806549072
874,87500.0,41.0,21.096274285714287,21.096274285714287,1.3020014762878418
875,87600.0,38.0,20.62711187214612,20.62711187214612,1.2699999809265137
876,87700.0,41.0,20.034811858608894,20.034811858608894,1.2510004043579102
877,87800.0,36.0,20.549293849658316,20.549293849658316,1.3089990615844727
878,87900.0,40.0,20.611945392491467,20.611945392491467,1.2869997024536133
879,88000.0,39.0,20.313909090909092,20.313909090909092,1.810398817062378
880,88100.0,39.0,20.289818388195233,20.289818388195233,1.5737895965576172
881,88200.0,40.0,21.03091836734694,21.03091836734694,1.4344518184661865
882,88300.0,40.0,21.356285390713477,21.356285390713477,1.9496219158172607
883,88400.0,40.0,20.453325791855203,20.453325791855203,1.4458286762237549
884,88500.0,43.0,20.477525423728814,20.477525423728814,1.3768808841705322
885,88600.0,39.0,20.905135440180587,20.905135440180587,1.3517661094665527
886,88700.0,42.0,20.747361894024802,20.747361894024802,1.3544909954071045
887,88800.0,37.0,20.66293918918919,20.66293918918919,1.363255262374878
888,88900.0,37.0,20.699145106861643,20.699145106861643,1.365567922592163
889,89000.0,44.0,21.046696629213482,21.046696629213482,1.3460962772369385
890,89100.0,40.0,20.384601571268238,20.384601571268238,1.4166252613067627
891,89200.0,43.0,21.69780269058296,21.69780269058296,1.4176580905914307
892,89300.0,40.0,21.976326987681972,21.976326987681972,1.4016218185424805
893,89400.0,40.0,20.899753914988814,20.899753914988814,1.3562049865722656
894,89500.0,39.0,20.370703910614527,20.370703910614527,1.3326079845428467
895,89600.0,39.0,20.134174107142858,20.134174107142858,1.413611888885498
896,89700.0,42.0,20.718940914158306,20.718940914158306,1.3366572856903076
897,89800.0,39.0,20.218051224944322,20.218051224944322,1.4054419994354248
898,89900.0,40.0,20.942914349276975,20.942914349276975,1.3431060314178467
899,90000.0,40.0,21.385244444444446,21.385244444444446,1.4719741344451904
900,90100.0,42.0,21.114483906770257,21.114483906770257,1.5067052841186523
901,90200.0,43.0,21.94721729490022,21.94721729490022,1.4556975364685059
902,90300.0,41.0,20.799634551495018,20.799634551495018,1.3526387214660645
903,90400.0,38.0,20.808860619469026,20.808860619469026,1.370147705078125
904,90500.0,38.0,20.98739226519337,20.98739226519337,1.4841735363006592
905,90600.0,37.0,20.574757174392936,20.574757174392936,1.3713748455047607
906,90700.0,38.0,21.259338478500553,21.259338478500553,1.4274792671203613
907,90800.0,40.0,21.43635462555066,21.43635462555066,1.4255702495574951
908,90900.0,41.0,20.06975797579758,20.06975797579758,1.3325464725494385
909,91000.0,40.0,21.32012087912088,21.32012087912088,1.4618313312530518
910,91100.0,36.0,20.211613611416027,20.211613611416027,1.4906835556030273
911,91200.0,38.0,20.997719298245613,20.997719298245613,1.3783683776855469
912,91300.0,41.0,20.62040525739321,20.62040525739321,1.3586170673370361
913,91400.0,41.0,21.990415754923415,21.990415754923415,1.5311799049377441
914,91500.0,38.0,20.095693989071037,20.095693989071037,1.371631383895874
915,91600.0,40.0,20.930840611353712,20.930840611353712,1.6815409660339355
916,91700.0,42.0,20.518375136314067,20.518375136314067,1.5329041481018066
917,91800.0,40.0,20.7538779956427,20.7538779956427,1.539376974105835
918,91900.0,36.0,19.842731229597387,19.842731229597387,1.41237211227417
919,92000.0,40.0,21.555141304347828,21.555141304347828,1.42319655418396
920,92100.0,39.0,21.08653637350706,21.08653637350706,1.3652935028076172
921,92200.0,40.0,20.514316702819958,20.514316702819958,1.3216814994812012
922,92300.0,41.0,21.152275189599134,21.152275189599134,1.459369421005249
923,92400.0,40.0,20.38387445887446,20.38387445887446,1.3660001754760742
924,92500.0,40.0,20.81050810810811,20.81050810810811,1.3720002174377441
925,92600.0,40.0,20.650745140388768,20.650745140388768,1.321000099182129
926,92700.0,39.0,20.99198489751888,20.99198489751888,1.438999891281128
927,92800.0,38.0,20.667370689655172,20.667370689655172,1.3340003490447998
928,92900.0,39.0,20.421883745963402,20.421883745963402,1.44100022315979
929,93000.0,45.0,22.195301075268816,22.195301075268816,1.4270000457763672
930,93100.0,38.0,20.922073039742212,20.922073039742212,1.3325181007385254
931,93200.0,42.0,21.590236051502146,21.590236051502146,1.6770002841949463
932,93300.0,43.0,20.989121114683815,20.989121114683815,1.436000108718872
933,93400.0,41.0,21.423565310492506,21.423565310492506,1.380000114440918
934,93500.0,43.0,21.68875935828877,21.68875935828877,1.4920001029968262
935,93600.0,41.0,20.634594017094017,20.634594017094017,1.365999460220337
936,93700.0,40.0,20.42401280683031,20.42401280683031,1.3220000267028809
937,93800.0,42.0,21.04357142857143,21.04357142857143,1.4210002422332764
938,93900.0,42.0,20.87675186368477,20.87675186368477,1.4559972286224365
939,94000.0,41.0,20.706659574468084,20.706659574468084,1.3550000190734863
940,94100.0,41.0,21.202837407013813,21.202837407013813,1.3570001125335693
941,94200.0,40.0,21.376496815286625,21.376496815286625,1.4800002574920654
942,94300.0,42.0,21.932025450689288,21.932025450689288,1.4089999198913574
943,94400.0,38.0,20.805815677966102,20.805815677966102,1.4539999961853027
944,94500.0,38.0,20.32853968253968,20.32853968253968,1.3559999465942383
945,94600.0,37.0,20.349439746300213,20.349439746300213,1.4290003776550293
946,94700.0,42.0,22.04818373812038,22.04818373812038,1.5169999599456787
947,94800.0,40.0,21.793132911392405,21.793132911392405,1.4229998588562012
948,94900.0,42.0,21.740579557428873,21.740579557428873,1.5160000324249268
949,95000.0,41.0,20.785263157894736,20.785263157894736,1.3909995555877686
950,95100.0,36.0,20.575941114616192,20.575941114616192,1.3949992656707764
951,95200.0,37.0,20.429002100840336,20.429002100840336,1.3569998741149902
952,95300.0,38.0,20.17800629590766,20.17800629590766,1.433000087738037
953,95400.0,40.0,20.876960167714884,20.876960167714884,1.3699994087219238
954,95500.0,42.0,21.12558115183246,21.12558115183246,1.4839997291564941
955,95600.0,40.0,20.217039748953976,20.217039748953976,1.4719946384429932
956,95700.0,41.0,21.468275862068964,21.468275862068964,1.4439997673034668
957,95800.0,36.0,19.81840292275574,19.81840292275574,1.3459982872009277
958,95900.0,42.0,21.265516162669446,21.265516162669446,1.4050016403198242
959,96000.0,40.0,20.90372916666667,20.90372916666667,1.4439997673034668
960,96100.0,41.0,20.99910509885536,20.99910509885536,1.4799997806549072
961,96200.0,42.0,20.692151767151767,20.692151767151767,1.36899995803833
962,96300.0,39.0,20.515711318795432,20.515711318795432,1.4510002136230469
963,96400.0,39.0,21.292282157676347,21.292282157676347,1.5130000114440918
964,96500.0,40.0,21.227481865284975,21.227481865284975,1.4119997024536133
965,96600.0,41.0,21.670517598343686,21.670517598343686,1.503000020980835
966,96700.0,39.0,21.159503619441573,21.159503619441573,1.5169999599456787
967,96800.0,40.0,21.181188016528925,21.181188016528925,1.423999547958374
968,96900.0,39.0,20.51656346749226,20.51656346749226,1.3849999904632568
969,97000.0,37.0,20.66354639175258,20.66354639175258,1.5120000839233398
970,97100.0,42.0,20.772760041194644,20.772760041194644,1.4170002937316895
971,97200.0,42.0,23.581923868312757,23.581923868312757,1.561000108718872
972,97300.0,40.0,22.29656731757451,22.29656731757451,1.5570013523101807
973,97400.0,40.0,21.467977412731006,21.467977412731006,1.5329997539520264
974,97500.0,40.0,21.096133333333334,21.096133333333334,1.4479997158050537
975,97600.0,38.0,21.403473360655738,21.403473360655738,1.4320001602172852
976,97700.0,44.0,23.668004094165813,23.668004094165813,1.6579999923706055
977,97800.0,45.0,22.777423312883435,22.777423312883435,1.5390000343322754
978,97900.0,44.0,22.84225740551583,22.84225740551583,1.553001880645752
979,98000.0,39.0,20.517285714285713,20.517285714285713,1.5249998569488525
980,98100.0,41.0,21.0592252803262,21.0592252803262,1.4249999523162842
981,98200.0,43.0,20.912067209775966,20.912067209775966,1.5309998989105225
982,98300.0,40.0,21.098087487283824,21.098087487283824,1.4620006084442139
983,98400.0,38.0,20.954247967479674,20.954247967479674,1.429999589920044
984,98500.0,38.0,21.287238578680203,21.287238578680203,1.559999704360962
985,98600.0,39.0,20.617667342799187,20.617667342799187,1.4240002632141113
986,98700.0,39.0,21.267477203647417,21.267477203647417,1.4340002536773682
987,98800.0,38.0,20.661892712550607,20.661892712550607,1.5269999504089355
988,98900.0,39.0,20.855520728008088,20.855520728008088,1.43399977684021
989,99000.0,43.0,20.725989898989898,20.725989898989898,1.559000015258789
990,99100.0,38.0,21.260242179616547,21.260242179616547,1.4800007343292236
991,99200.0,43.0,20.668618951612903,20.668618951612903,1.4170002937316895
992,99300.0,38.0,20.879969788519638,20.879969788519638,1.5370001792907715
993,99400.0,40.0,21.430774647887326,21.430774647887326,1.4519999027252197
994,99500.0,40.0,21.416070351758794,21.416070351758794,1.5299997329711914
995,99600.0,44.0,21.611194779116467,21.611194779116467,1.5959999561309814
996,99700.0,42.0,20.872557673019056,20.872557673019056,1.448000431060791
997,99800.0,43.0,21.440871743486973,21.440871743486973,1.5620002746582031
998,99900.0,47.0,22.057337337337337,22.057337337337337,1.5949993133544922
