,size,avg_insert,max_insert,avg_find,max_find,collision_rate,time
0,100.0,1.65,7.0,1.65,7.0,0.145,0.0010001659393310547
1,200.0,1.515,8.0,1.515,8.0,0.1425,0.0010001659393310547
2,300.0,1.75,14.0,1.75,14.0,0.14166666666666666,0.002507925033569336
3,400.0,1.6175,12.0,1.6175,12.0,0.165,0.0020003318786621094
4,500.0,1.538,7.0,1.538,7.0,0.151,0.0029997825622558594
5,600.0,1.5366666666666666,9.0,1.5366666666666666,9.0,0.14166666666666666,0.0030002593994140625
6,700.0,1.6471428571428572,21.0,1.6471428571428572,21.0,0.1492857142857143,0.0039997100830078125
7,800.0,1.64625,12.0,1.64625,12.0,0.160625,0.004999637603759766
8,900.0,1.8,16.0,1.8,16.0,0.16777777777777778,0.005003690719604492
9,1000.0,1.545,12.0,1.545,12.0,0.144,0.0055086612701416016
10,1100.0,1.549090909090909,9.0,1.549090909090909,9.0,0.13863636363636364,0.0070002079010009766
11,1200.0,1.6791666666666667,22.0,1.6791666666666667,22.0,0.14916666666666667,0.0069997310638427734
12,1300.0,1.5723076923076924,16.0,1.5723076923076924,16.0,0.14153846153846153,0.006999969482421875
13,1400.0,1.6657142857142857,12.0,1.6657142857142857,12.0,0.15321428571428572,0.009350299835205078
14,1500.0,1.5673333333333332,15.0,1.5673333333333332,15.0,0.14333333333333334,0.010004043579101562
15,1600.0,1.65625,18.0,1.65625,18.0,0.1484375,0.009999513626098633
16,1700.0,1.5370588235294118,13.0,1.5370588235294118,13.0,0.13794117647058823,0.01050877571105957
17,1800.0,1.943888888888889,20.0,1.943888888888889,20.0,0.175,0.01199960708618164
18,1900.0,1.58,19.0,1.58,19.0,0.13657894736842105,0.01200413703918457
19,2000.0,1.727,22.0,1.727,22.0,0.15575,0.013511180877685547
20,2100.0,1.6571428571428573,17.0,1.6571428571428573,17.0,0.14952380952380953,0.01350855827331543
21,2200.0,1.6381818181818182,20.0,1.6381818181818182,20.0,0.1459090909090909,0.014532089233398438
22,2300.0,1.605217391304348,18.0,1.605217391304348,18.0,0.1443478260869565,0.01450967788696289
23,2400.0,1.71625,18.0,1.71625,18.0,0.14729166666666665,0.015510320663452148
24,2500.0,1.6852,23.0,1.6852,23.0,0.1444,0.017017126083374023
25,2600.0,1.5957692307692308,23.0,1.5957692307692308,23.0,0.14211538461538462,0.01551055908203125
26,2700.0,1.7503703703703704,15.0,1.7503703703703704,15.0,0.16444444444444445,0.01650834083557129
27,2800.0,1.647857142857143,17.0,1.647857142857143,17.0,0.15107142857142858,0.017018795013427734
28,2900.0,1.6489655172413793,32.0,1.6489655172413793,32.0,0.14793103448275863,0.018001079559326172
29,3000.0,1.6596666666666666,25.0,1.6596666666666666,25.0,0.14516666666666667,0.01900339126586914
30,3100.0,1.634516129032258,24.0,1.634516129032258,24.0,0.14306451612903226,0.020018815994262695
31,3200.0,1.6478125,19.0,1.6478125,19.0,0.15125,0.019512653350830078
32,3300.0,1.6375757575757577,16.0,1.6375757575757577,16.0,0.15,0.021004915237426758
33,3400.0,1.5602941176470588,16.0,1.5602941176470588,16.0,0.14352941176470588,0.020510196685791016
34,3500.0,1.6571428571428573,19.0,1.6571428571428573,19.0,0.14957142857142858,0.0215146541595459
35,3600.0,1.9216666666666666,21.0,1.9216666666666666,21.0,0.16833333333333333,0.021509170532226562
36,3700.0,1.5932432432432433,16.0,1.5932432432432433,16.0,0.14337837837837838,0.02250838279724121
37,3800.0,1.581842105263158,15.0,1.581842105263158,15.0,0.14736842105263157,0.0235135555267334
38,3900.0,1.6205128205128205,24.0,1.6205128205128205,24.0,0.1437179487179487,0.025026559829711914
39,4000.0,1.67425,28.0,1.67425,28.0,0.14475,0.02451157569885254
40,4100.0,1.6053658536585367,16.0,1.6053658536585367,16.0,0.14426829268292682,0.02600264549255371
41,4200.0,1.6788095238095238,20.0,1.6788095238095238,20.0,0.15416666666666667,0.02651238441467285
42,4300.0,1.5955813953488371,21.0,1.5955813953488371,21.0,0.13732558139534884,0.027509450912475586
43,4400.0,1.648409090909091,18.0,1.648409090909091,18.0,0.1471590909090909,0.02651190757751465
44,4500.0,1.9202222222222223,25.0,1.9202222222222223,25.0,0.177,0.028004169464111328
45,4600.0,1.6332608695652173,18.0,1.6332608695652173,18.0,0.14673913043478262,0.030513525009155273
46,4700.0,1.584468085106383,19.0,1.584468085106383,19.0,0.1403191489361702,0.02953791618347168
47,4800.0,1.814375,29.0,1.814375,29.0,0.15729166666666666,0.02951192855834961
48,4900.0,1.7181632653061225,20.0,1.7181632653061225,20.0,0.16,0.031511545181274414
49,5000.0,1.9688,47.0,1.9688,47.0,0.1562,0.0310213565826416
50,5100.0,1.6313725490196078,17.0,1.6313725490196078,17.0,0.1484313725490196,0.03451943397521973
51,5200.0,1.665576923076923,21.0,1.665576923076923,21.0,0.1523076923076923,0.03251981735229492
52,5300.0,1.5845283018867924,16.0,1.5845283018867924,16.0,0.14028301886792452,0.03202223777770996
53,5400.0,2.021851851851852,40.0,2.021851851851852,40.0,0.1698148148148148,0.03351259231567383
54,5500.0,1.6527272727272728,18.0,1.6527272727272728,18.0,0.14554545454545453,0.034517526626586914
55,5600.0,1.6682142857142856,18.0,1.6682142857142856,18.0,0.15142857142857144,0.034017324447631836
56,5700.0,1.5819298245614035,18.0,1.5819298245614035,18.0,0.14403508771929824,0.03451275825500488
57,5800.0,1.6491379310344827,18.0,1.6491379310344827,18.0,0.14922413793103448,0.03602457046508789
58,5900.0,1.6066101694915254,17.0,1.6066101694915254,17.0,0.13991525423728812,0.03602433204650879
59,6000.0,1.7263333333333333,25.0,1.7263333333333333,25.0,0.15058333333333335,0.03702282905578613
60,6100.0,1.569672131147541,25.0,1.569672131147541,25.0,0.14081967213114754,0.038512229919433594
61,6200.0,1.594032258064516,20.0,1.594032258064516,20.0,0.14338709677419356,0.038510799407958984
62,6300.0,1.9055555555555554,21.0,1.9055555555555554,21.0,0.17801587301587302,0.038512468338012695
63,6400.0,1.63515625,20.0,1.63515625,20.0,0.146796875,0.041022539138793945
64,6500.0,1.6006153846153846,21.0,1.6006153846153846,21.0,0.14461538461538462,0.04053759574890137
65,6600.0,1.658939393939394,24.0,1.658939393939394,24.0,0.14772727272727273,0.041404008865356445
66,6700.0,1.5959701492537313,20.0,1.5959701492537313,20.0,0.1426865671641791,0.04152035713195801
67,6800.0,1.6388235294117648,19.0,1.6388235294117648,19.0,0.15058823529411763,0.0435328483581543
68,6900.0,1.5969565217391304,19.0,1.5969565217391304,19.0,0.14115942028985506,0.04202461242675781
69,7000.0,1.6721428571428572,27.0,1.6721428571428572,27.0,0.15378571428571428,0.044020891189575195
70,7100.0,1.6183098591549296,17.0,1.6183098591549296,17.0,0.14401408450704226,0.04402446746826172
71,7200.0,2.1777777777777776,51.0,2.1777777777777776,51.0,0.16833333333333333,0.0450286865234375
72,7300.0,1.5964383561643836,19.0,1.5964383561643836,19.0,0.14205479452054795,0.04564499855041504
73,7400.0,1.6043243243243244,22.0,1.6043243243243244,22.0,0.14114864864864865,0.04563260078430176
74,7500.0,1.7537333333333334,26.0,1.7537333333333334,26.0,0.15113333333333334,0.05052828788757324
75,7600.0,1.6317105263157894,20.0,1.6317105263157894,20.0,0.14664473684210527,0.047522544860839844
76,7700.0,1.5967532467532468,23.0,1.5967532467532468,23.0,0.14396103896103896,0.04651808738708496
77,7800.0,1.6657692307692307,21.0,1.6657692307692307,21.0,0.1469871794871795,0.04902029037475586
78,7900.0,1.5839240506329113,18.0,1.5839240506329113,18.0,0.14132911392405062,0.050029754638671875
79,8000.0,1.72,31.0,1.72,31.0,0.151375,0.05402541160583496
80,8100.0,1.891604938271605,27.0,1.891604938271605,27.0,0.1719753086419753,0.052017927169799805
81,8200.0,1.596219512195122,21.0,1.596219512195122,21.0,0.14280487804878048,0.0505375862121582
82,8300.0,1.5896385542168674,23.0,1.5896385542168674,23.0,0.14072289156626505,0.05153226852416992
83,8400.0,1.7625,28.0,1.7625,28.0,0.15601190476190477,0.05274367332458496
84,8500.0,1.626,19.0,1.626,19.0,0.1456470588235294,0.05304145812988281
85,8600.0,1.569767441860465,20.0,1.569767441860465,20.0,0.1436046511627907,0.05402946472167969
86,8700.0,1.6495402298850574,20.0,1.6495402298850574,20.0,0.14666666666666667,0.060538291931152344
87,8800.0,1.7394318181818182,29.0,1.7394318181818182,29.0,0.15375,0.054026126861572266
88,8900.0,1.6096629213483147,35.0,1.6096629213483147,35.0,0.14331460674157304,0.05602669715881348
89,9000.0,1.9131111111111112,40.0,1.9131111111111112,40.0,0.1701111111111111,0.0580286979675293
90,9100.0,1.6279120879120879,30.0,1.6279120879120879,30.0,0.14747252747252748,0.06255316734313965
91,9200.0,1.6682608695652175,29.0,1.6682608695652175,29.0,0.15217391304347827,0.05702710151672363
92,9300.0,1.636989247311828,36.0,1.636989247311828,36.0,0.1461290322580645,0.05753302574157715
93,9400.0,1.6114893617021278,18.0,1.6114893617021278,18.0,0.14553191489361703,0.059041738510131836
94,9500.0,1.6262105263157896,24.0,1.6262105263157896,24.0,0.14421052631578948,0.059024810791015625
95,9600.0,1.8092708333333334,49.0,1.8092708333333334,49.0,0.15265625,0.059038400650024414
96,9700.0,1.5878350515463917,20.0,1.5878350515463917,20.0,0.14216494845360825,0.060048818588256836
97,9800.0,1.676938775510204,25.0,1.676938775510204,25.0,0.1526530612244898,0.060025930404663086
98,9900.0,1.8595959595959597,26.0,1.8595959595959597,26.0,0.175,0.06203103065490723
99,10000.0,1.8605,41.0,1.8605,41.0,0.1475,0.06265425682067871
100,10100.0,1.5977227722772278,19.0,1.5977227722772278,19.0,0.14232673267326731,0.06303548812866211
101,10200.0,1.6580392156862744,20.0,1.6580392156862744,20.0,0.1472058823529412,0.06354260444641113
102,10300.0,1.6128155339805825,30.0,1.6128155339805825,30.0,0.14446601941747572,0.06503891944885254
103,10400.0,1.6873076923076924,27.0,1.6873076923076924,27.0,0.15201923076923077,0.064544677734375
104,10500.0,1.6367619047619049,18.0,1.6367619047619049,18.0,0.15233333333333332,0.06454610824584961
105,10600.0,1.6282075471698114,29.0,1.6282075471698114,29.0,0.14882075471698114,0.07163166999816895
106,10700.0,1.5872897196261682,25.0,1.5872897196261682,25.0,0.14200934579439253,0.06730461120605469
107,10800.0,2.0294444444444446,40.0,2.0294444444444446,40.0,0.17449074074074075,0.07004594802856445
108,10900.0,1.6126605504587157,26.0,1.6126605504587157,26.0,0.14261467889908258,0.07003331184387207
109,11000.0,1.7474545454545454,38.0,1.7474545454545454,38.0,0.15281818181818183,0.06854009628295898
110,11100.0,1.607117117117117,18.0,1.607117117117117,18.0,0.14509009009009008,0.08005928993225098
111,11200.0,1.6976785714285714,28.0,1.6976785714285714,28.0,0.1534375,0.08115410804748535
112,11300.0,1.5724778761061946,20.0,1.5724778761061946,20.0,0.14101769911504425,0.07103252410888672
113,11400.0,1.648157894736842,24.0,1.648157894736842,24.0,0.14732456140350877,0.07256674766540527
114,11500.0,1.6362608695652174,22.0,1.6362608695652174,22.0,0.1483478260869565,0.07602882385253906
115,11600.0,1.6475862068965517,27.0,1.6475862068965517,27.0,0.14788793103448275,0.07354307174682617
116,11700.0,1.8743589743589744,23.0,1.8743589743589744,23.0,0.17217948717948717,0.07354021072387695
117,11800.0,1.618728813559322,25.0,1.618728813559322,25.0,0.14495762711864407,0.07704567909240723
118,11900.0,1.6015126050420168,23.0,1.6015126050420168,23.0,0.14365546218487396,0.07505035400390625
119,12000.0,1.8025,28.0,1.8025,28.0,0.15608333333333332,0.07705950736999512
120,12100.0,2.0429752066115703,45.0,2.0429752066115703,45.0,0.15698347107438015,0.0770411491394043
121,12200.0,1.6377868852459017,21.0,1.6377868852459017,21.0,0.14827868852459017,0.07954049110412598
122,12300.0,1.6198373983739838,21.0,1.6198373983739838,21.0,0.1421138211382114,0.07754755020141602
123,12400.0,1.6216129032258064,24.0,1.6216129032258064,24.0,0.14637096774193548,0.07854223251342773
124,12500.0,1.7296,32.0,1.7296,32.0,0.14684,0.07854104042053223
125,12600.0,1.953095238095238,41.0,1.953095238095238,41.0,0.17575396825396825,0.08205318450927734
126,12700.0,1.6292913385826773,43.0,1.6292913385826773,43.0,0.14192913385826772,0.0800485610961914
127,12800.0,1.633359375,24.0,1.633359375,24.0,0.1478515625,0.08154749870300293
128,12900.0,1.6106201550387598,19.0,1.6106201550387598,19.0,0.14372093023255814,0.08805990219116211
129,13000.0,1.6522307692307692,26.0,1.6522307692307692,26.0,0.1468076923076923,0.08269309997558594
130,13100.0,1.5780152671755725,21.0,1.5780152671755725,21.0,0.14301526717557253,0.08154582977294922
131,13200.0,1.7154545454545456,29.0,1.7154545454545456,29.0,0.15329545454545454,0.08854079246520996
132,13300.0,1.6394736842105264,22.0,1.6394736842105264,22.0,0.14958646616541355,0.08957576751708984
133,13400.0,1.633507462686567,22.0,1.633507462686567,22.0,0.1467910447761194,0.08321142196655273
134,13500.0,1.8842222222222222,30.0,1.8842222222222222,30.0,0.17237037037037037,0.08704757690429688
135,13600.0,1.66625,22.0,1.66625,22.0,0.1496691176470588,0.08667349815368652
136,13700.0,1.6030656934306569,19.0,1.6030656934306569,19.0,0.1433941605839416,0.08605527877807617
137,13800.0,1.6568840579710145,24.0,1.6568840579710145,24.0,0.1502536231884058,0.08704710006713867
138,13900.0,1.5928776978417267,20.0,1.5928776978417267,20.0,0.1425179856115108,0.08905196189880371
139,14000.0,1.7069285714285714,32.0,1.7069285714285714,32.0,0.1515,0.09004831314086914
140,14100.0,1.5939716312056738,30.0,1.5939716312056738,30.0,0.14312056737588652,0.09006166458129883
141,14200.0,1.60056338028169,18.0,1.60056338028169,18.0,0.14524647887323944,0.08814525604248047
142,14300.0,1.626923076923077,23.0,1.626923076923077,23.0,0.1475174825174825,0.08813214302062988
143,14400.0,2.306388888888889,69.0,2.306388888888889,69.0,0.17583333333333334,0.09205889701843262
144,14500.0,1.6271034482758622,29.0,1.6271034482758622,29.0,0.1433793103448276,0.09206318855285645
145,14600.0,1.6097945205479451,20.0,1.6097945205479451,20.0,0.1456164383561644,0.09354281425476074
146,14700.0,1.7689115646258504,40.0,1.7689115646258504,40.0,0.15622448979591838,0.09257102012634277
147,14800.0,1.6149324324324323,24.0,1.6149324324324323,24.0,0.14591216216216216,0.09305644035339355
148,14900.0,1.5687919463087248,22.0,1.5687919463087248,22.0,0.14097315436241611,0.09505915641784668
149,15000.0,1.8822666666666668,43.0,1.8822666666666668,43.0,0.1497,0.10104966163635254
150,15100.0,1.5929801324503312,28.0,1.5929801324503312,28.0,0.14165562913907284,0.09606099128723145
151,15200.0,1.6442105263157896,24.0,1.6442105263157896,24.0,0.14894736842105263,0.09606361389160156
152,15300.0,1.8383006535947712,26.0,1.8383006535947712,26.0,0.17212418300653595,0.0960550308227539
153,15400.0,1.6675324675324674,28.0,1.6675324675324674,28.0,0.1532792207792208,0.1070702075958252
154,15500.0,1.6343225806451613,25.0,1.6343225806451613,25.0,0.14625806451612902,0.10005521774291992
155,15600.0,1.6998076923076924,24.0,1.6998076923076924,24.0,0.15240384615384617,0.09855866432189941
156,15700.0,1.589171974522293,21.0,1.589171974522293,21.0,0.14070063694267515,0.10005831718444824
157,15800.0,1.6525316455696202,22.0,1.6525316455696202,22.0,0.14996835443037976,0.09904909133911133
158,15900.0,1.590880503144654,19.0,1.590880503144654,19.0,0.14279874213836477,0.10505461692810059
159,16000.0,1.6859375,24.0,1.6859375,24.0,0.15196875,0.10204648971557617
160,16100.0,1.618695652173913,27.0,1.618695652173913,27.0,0.14767080745341615,0.10705256462097168
161,16200.0,1.9456172839506174,39.0,1.9456172839506174,39.0,0.17265432098765432,0.10507702827453613
162,16300.0,1.5852760736196319,23.0,1.5852760736196319,23.0,0.14012269938650307,0.10455846786499023
163,16400.0,1.6201219512195122,30.0,1.6201219512195122,30.0,0.1472560975609756,0.1091616153717041
164,16500.0,1.6832121212121212,34.0,1.6832121212121212,34.0,0.14996969696969698,0.1040647029876709
165,16600.0,1.633433734939759,25.0,1.633433734939759,25.0,0.14852409638554218,0.10455942153930664
166,16700.0,1.5993413173652695,23.0,1.5993413173652695,23.0,0.14077844311377247,0.11856365203857422
167,16800.0,1.867202380952381,54.0,1.867202380952381,54.0,0.15848214285714285,0.10605525970458984
168,16900.0,1.659585798816568,24.0,1.659585798816568,24.0,0.14997041420118343,0.10656166076660156
169,17000.0,1.6552941176470588,29.0,1.6552941176470588,29.0,0.14558823529411766,0.10655593872070312
170,17100.0,1.8348538011695907,28.0,1.8348538011695907,28.0,0.1692690058479532,0.11108541488647461
171,17200.0,1.5987209302325582,24.0,1.5987209302325582,24.0,0.14642441860465116,0.11005306243896484
172,17300.0,1.6017919075144509,23.0,1.6017919075144509,23.0,0.14271676300578034,0.11417770385742188
173,17400.0,1.667528735632184,56.0,1.667528735632184,56.0,0.1489080459770115,0.11426496505737305
174,17500.0,1.7650857142857144,31.0,1.7650857142857144,31.0,0.15271428571428572,0.11080074310302734
175,17600.0,1.6773863636363637,24.0,1.6773863636363637,24.0,0.1496875,0.11057829856872559
176,17700.0,1.6423728813559322,34.0,1.6423728813559322,34.0,0.14728813559322035,0.11171960830688477
177,17800.0,1.617247191011236,25.0,1.617247191011236,25.0,0.14587078651685392,0.13210511207580566
178,17900.0,1.6035754189944134,26.0,1.6035754189944134,26.0,0.14175977653631286,0.11455774307250977
179,18000.0,2.0753333333333335,61.0,2.0753333333333335,61.0,0.1763611111111111,0.11505913734436035
180,18100.0,1.5853038674033149,23.0,1.5853038674033149,23.0,0.14323204419889501,0.11405086517333984
181,18200.0,1.6564285714285714,24.0,1.6564285714285714,24.0,0.15296703296703296,0.1155710220336914
182,18300.0,1.6157377049180328,28.0,1.6157377049180328,28.0,0.1444535519125683,0.1175682544708252
183,18400.0,1.685163043478261,23.0,1.685163043478261,23.0,0.15160326086956522,0.11600112915039062
184,18500.0,1.620054054054054,22.0,1.620054054054054,22.0,0.14402702702702702,0.11555910110473633
185,18600.0,1.664247311827957,24.0,1.664247311827957,24.0,0.1468279569892473,0.11756205558776855
186,18700.0,1.630427807486631,27.0,1.630427807486631,27.0,0.1456149732620321,0.11757540702819824
187,18800.0,1.6243617021276595,27.0,1.6243617021276595,27.0,0.14593085106382978,0.1185617446899414
188,18900.0,1.8863492063492064,31.0,1.8863492063492064,31.0,0.17375661375661375,0.11856579780578613
189,19000.0,1.6743684210526315,36.0,1.6743684210526315,36.0,0.14807894736842106,0.12157535552978516
190,19100.0,1.5852356020942409,23.0,1.5852356020942409,23.0,0.1419633507853403,0.12308073043823242
191,19200.0,1.7519270833333334,39.0,1.7519270833333334,39.0,0.15283854166666666,0.12357163429260254
192,19300.0,1.5747668393782384,24.0,1.5747668393782384,24.0,0.14098445595854922,0.12257218360900879
193,19400.0,1.619381443298969,21.0,1.619381443298969,21.0,0.14512886597938143,0.12455940246582031
194,19500.0,1.663025641025641,23.0,1.663025641025641,23.0,0.14892307692307694,0.1235651969909668
195,19600.0,1.7420408163265306,26.0,1.7420408163265306,26.0,0.1579591836734694,0.12616467475891113
196,19700.0,1.5653299492385786,21.0,1.5653299492385786,21.0,0.14071065989847717,0.12657499313354492
197,19800.0,1.975959595959596,30.0,1.975959595959596,30.0,0.17502525252525253,0.12636756896972656
198,19900.0,1.611005025125628,28.0,1.611005025125628,28.0,0.14517587939698492,0.12488198280334473
199,20000.0,1.9261,51.0,1.9261,51.0,0.1541,0.12958693504333496
200,20100.0,1.6060696517412936,30.0,1.6060696517412936,30.0,0.1451990049751244,0.12658452987670898
201,20200.0,1.5987128712871288,38.0,1.5987128712871288,38.0,0.14339108910891088,0.1285719871520996
202,20300.0,1.6110344827586207,25.0,1.6110344827586207,25.0,0.14665024630541873,0.1300816535949707
203,20400.0,1.697450980392157,29.0,1.697450980392157,29.0,0.1520343137254902,0.13506031036376953
204,20500.0,1.6401951219512194,31.0,1.6401951219512194,31.0,0.14465853658536584,0.13108301162719727
205,20600.0,1.6237378640776698,26.0,1.6237378640776698,26.0,0.14771844660194175,0.14308810234069824
206,20700.0,1.8412077294685991,27.0,1.8412077294685991,27.0,0.16917874396135266,0.13256192207336426
207,20800.0,1.695576923076923,23.0,1.695576923076923,23.0,0.15451923076923077,0.13584542274475098
208,20900.0,1.6151196172248803,24.0,1.6151196172248803,24.0,0.14535885167464116,0.13626432418823242
209,21000.0,1.727095238095238,29.0,1.727095238095238,29.0,0.15211904761904763,0.13707900047302246
210,21100.0,1.5949289099526067,27.0,1.5949289099526067,27.0,0.14281990521327015,0.1300797462463379
211,21200.0,1.629056603773585,24.0,1.629056603773585,24.0,0.14582547169811322,0.13407421112060547
212,21300.0,1.6053521126760564,26.0,1.6053521126760564,26.0,0.1442018779342723,0.1365962028503418
213,21400.0,1.6191588785046729,22.0,1.6191588785046729,22.0,0.14651869158878505,0.13147592544555664
214,21500.0,1.628372093023256,25.0,1.628372093023256,25.0,0.14537209302325582,0.1315748691558838
215,21600.0,2.245462962962963,58.0,2.245462962962963,58.0,0.17256944444444444,0.14256668090820312
216,21700.0,1.636405529953917,26.0,1.636405529953917,26.0,0.14900921658986174,0.13055992126464844
217,21800.0,1.610183486238532,35.0,1.610183486238532,35.0,0.14422018348623852,0.1335921287536621
218,21900.0,1.6079908675799086,19.0,1.6079908675799086,19.0,0.14278538812785388,0.13508057594299316
219,22000.0,1.6943181818181818,32.0,1.6943181818181818,32.0,0.15261363636363637,0.14056110382080078
220,22100.0,1.6029411764705883,24.0,1.6029411764705883,24.0,0.14461538461538462,0.13507652282714844
221,22200.0,1.6287387387387386,25.0,1.6287387387387386,25.0,0.1470045045045045,0.1530904769897461
222,22300.0,1.5808520179372196,19.0,1.5808520179372196,19.0,0.141457399103139,0.14329290390014648
223,22400.0,1.7242857142857142,33.0,1.7242857142857142,33.0,0.15654017857142857,0.14364361763000488
224,22500.0,2.0334222222222222,42.0,2.0334222222222222,42.0,0.1771111111111111,0.1531822681427002
225,22600.0,1.6219469026548672,21.0,1.6219469026548672,21.0,0.1468141592920354,0.14308834075927734
226,22700.0,1.61352422907489,27.0,1.61352422907489,27.0,0.14460352422907488,0.14420509338378906
227,22800.0,1.6896491228070176,29.0,1.6896491228070176,29.0,0.1492982456140351,0.14908146858215332
228,22900.0,1.588646288209607,29.0,1.588646288209607,29.0,0.14268558951965066,0.14609217643737793
229,23000.0,1.687,29.0,1.687,29.0,0.15104347826086956,0.14559340476989746
230,23100.0,1.6721645021645022,30.0,1.6721645021645022,30.0,0.15277056277056278,0.14758634567260742
231,23200.0,1.6782327586206895,33.0,1.6782327586206895,33.0,0.14969827586206896,0.14587092399597168
232,23300.0,1.6106008583690987,20.0,1.6106008583690987,20.0,0.14448497854077252,0.14909648895263672
233,23400.0,1.948076923076923,33.0,1.948076923076923,33.0,0.1751068376068376,0.14818835258483887
234,23500.0,1.6030212765957448,24.0,1.6030212765957448,24.0,0.14236170212765958,0.14908075332641602
235,23600.0,1.6181779661016948,30.0,1.6181779661016948,30.0,0.14563559322033898,0.15376949310302734
236,23700.0,1.6178059071729958,25.0,1.6178059071729958,25.0,0.14411392405063292,0.15161824226379395
237,23800.0,1.6485714285714286,30.0,1.6485714285714286,30.0,0.1495798319327731,0.15260648727416992
238,23900.0,1.5651464435146443,26.0,1.5651464435146443,26.0,0.14163179916317992,0.15259242057800293
239,24000.0,1.79975,48.0,1.79975,48.0,0.15408333333333332,0.15810036659240723
240,24100.0,1.5728215767634854,31.0,1.5728215767634854,31.0,0.1379045643153527,0.15160441398620605
241,24200.0,2.062231404958678,55.0,2.062231404958678,55.0,0.15747933884297521,0.15426850318908691
242,24300.0,1.8939917695473252,42.0,1.8939917695473252,42.0,0.17364197530864198,0.1557750701904297
243,24400.0,1.6386065573770492,20.0,1.6386065573770492,20.0,0.14811475409836067,0.15606451034545898
244,24500.0,1.7013469387755102,25.0,1.7013469387755102,25.0,0.15740816326530613,0.1586294174194336
245,24600.0,1.6471544715447155,38.0,1.6471544715447155,38.0,0.14660569105691057,0.15811729431152344
246,24700.0,1.5874898785425102,31.0,1.5874898785425102,31.0,0.14242914979757085,0.16112256050109863
247,24800.0,1.6461290322580646,30.0,1.6461290322580646,30.0,0.1463508064516129,0.15858840942382812
248,24900.0,1.5961044176706827,21.0,1.5961044176706827,21.0,0.14255020080321285,0.16109633445739746
249,25000.0,1.927,58.0,1.927,58.0,0.153,0.15907692909240723
250,25100.0,1.61796812749004,29.0,1.61796812749004,29.0,0.14332669322709163,0.1625969409942627
251,25200.0,2.1488095238095237,59.0,2.1488095238095237,59.0,0.1792857142857143,0.16201281547546387
252,25300.0,1.657509881422925,32.0,1.657509881422925,32.0,0.15205533596837945,0.1640932559967041
253,25400.0,1.6172834645669292,22.0,1.6172834645669292,22.0,0.14507874015748032,0.162611722946167
254,25500.0,1.6397254901960785,28.0,1.6397254901960785,28.0,0.14672549019607845,0.1630852222442627
255,25600.0,1.6517578125,31.0,1.6517578125,31.0,0.1488671875,0.16405534744262695
256,25700.0,1.595330739299611,34.0,1.595330739299611,34.0,0.14175097276264592,0.16259264945983887
257,25800.0,1.6209689922480621,24.0,1.6209689922480621,24.0,0.14633720930232558,0.1640763282775879
258,25900.0,1.6304247104247105,31.0,1.6304247104247105,31.0,0.149015444015444,0.16707563400268555
259,26000.0,1.6932307692307693,24.0,1.6932307692307693,24.0,0.1520576923076923,0.16658878326416016
260,26100.0,1.8554789272030652,39.0,1.8554789272030652,39.0,0.16722222222222222,0.17061996459960938
261,26200.0,1.605763358778626,20.0,1.605763358778626,20.0,0.1450763358778626,0.16809344291687012
262,26300.0,1.6062737642585552,29.0,1.6062737642585552,29.0,0.14256653992395438,0.16858720779418945
263,26400.0,1.785909090909091,34.0,1.785909090909091,34.0,0.15619318181818181,0.17359399795532227
264,26500.0,1.6198490566037735,43.0,1.6198490566037735,43.0,0.14315094339622642,0.16809725761413574
265,26600.0,1.620187969924812,28.0,1.620187969924812,28.0,0.14787593984962405,0.18601775169372559
266,26700.0,1.6225842696629214,28.0,1.6225842696629214,28.0,0.1449063670411985,0.17741990089416504
267,26800.0,1.6190671641791046,22.0,1.6190671641791046,22.0,0.14615671641791045,0.17059564590454102
268,26900.0,1.593085501858736,34.0,1.593085501858736,34.0,0.14184014869888475,0.17109441757202148
269,27000.0,2.0055185185185187,43.0,2.0055185185185187,43.0,0.17725925925925926,0.17411184310913086
270,27100.0,1.598339483394834,31.0,1.598339483394834,31.0,0.1398339483394834,0.1707601547241211
271,27200.0,1.6564705882352941,25.0,1.6564705882352941,25.0,0.14941176470588236,0.17409443855285645
272,27300.0,1.625934065934066,24.0,1.625934065934066,24.0,0.14866300366300367,0.17412543296813965
273,27400.0,1.6087591240875911,28.0,1.6087591240875911,28.0,0.1458941605839416,0.17663168907165527
274,27500.0,1.7562909090909091,33.0,1.7562909090909091,33.0,0.1499818181818182,0.17711186408996582
275,27600.0,1.7160507246376813,30.0,1.7160507246376813,30.0,0.15293478260869564,0.1794719696044922
276,27700.0,1.608086642599278,30.0,1.608086642599278,30.0,0.14323104693140795,0.1796252727508545
277,27800.0,1.6396762589928058,27.0,1.6396762589928058,27.0,0.1487769784172662,0.18011140823364258
278,27900.0,1.8401433691756273,30.0,1.8401433691756273,30.0,0.1702867383512545,0.1796247959136963
279,28000.0,1.7589642857142858,31.0,1.7589642857142858,31.0,0.15655357142857143,0.18071222305297852
280,28100.0,1.5795017793594306,26.0,1.5795017793594306,26.0,0.14040925266903914,0.17959189414978027
281,28200.0,1.6259929078014184,28.0,1.6259929078014184,28.0,0.14684397163120566,0.17833256721496582
282,28300.0,1.5931802120141343,36.0,1.5931802120141343,36.0,0.14224381625441695,0.1800856590270996
283,28400.0,1.599225352112676,27.0,1.599225352112676,27.0,0.14424295774647888,0.18192577362060547
284,28500.0,1.6395087719298245,24.0,1.6395087719298245,24.0,0.14787719298245613,0.18159270286560059
285,28600.0,1.6373076923076924,25.0,1.6373076923076924,25.0,0.14896853146853148,0.18309617042541504
286,28700.0,1.6119163763066202,26.0,1.6119163763066202,26.0,0.14559233449477352,0.20259666442871094
287,28800.0,2.3085416666666667,66.0,2.3085416666666667,66.0,0.1746875,0.1840965747833252
288,28900.0,1.6270934256055363,23.0,1.6270934256055363,23.0,0.1482006920415225,0.18410205841064453
289,29000.0,1.6672758620689656,37.0,1.6672758620689656,37.0,0.14698275862068966,0.18596315383911133
290,29100.0,1.616254295532646,41.0,1.616254295532646,41.0,0.14307560137457045,0.18410563468933105
291,29200.0,1.6166095890410959,43.0,1.6166095890410959,43.0,0.1447260273972603,0.19362568855285645
292,29300.0,1.5978156996587032,21.0,1.5978156996587032,21.0,0.14267918088737203,0.1911146640777588
293,29400.0,1.8229591836734693,34.0,1.8229591836734693,34.0,0.1633673469387755,0.19159460067749023
294,29500.0,1.6284067796610169,42.0,1.6284067796610169,42.0,0.14467796610169492,0.1941056251525879
295,29600.0,1.662027027027027,23.0,1.662027027027027,23.0,0.1497466216216216,0.1901090145111084
296,29700.0,1.8871043771043772,36.0,1.8871043771043772,36.0,0.17526936026936027,0.19611287117004395
297,29800.0,1.6075167785234898,18.0,1.6075167785234898,18.0,0.145,0.19769024848937988
298,29900.0,1.6220401337792643,24.0,1.6220401337792643,24.0,0.14719063545150501,0.19161105155944824
299,30000.0,2.045933333333333,52.0,2.045933333333333,52.0,0.15835,0.19426488876342773
300,30100.0,1.611362126245847,22.0,1.611362126245847,22.0,0.14612956810631228,0.19261884689331055
301,30200.0,1.6102649006622516,28.0,1.6102649006622516,28.0,0.14480132450331126,0.19111251831054688
302,30300.0,1.5923762376237625,25.0,1.5923762376237625,25.0,0.1442904290429043,0.19360804557800293
303,30400.0,1.6625,27.0,1.6625,27.0,0.14970394736842105,0.20143461227416992
304,30500.0,1.6481311475409837,32.0,1.6481311475409837,32.0,0.1480983606557377,0.2067408561706543
305,30600.0,1.9328104575163398,43.0,1.9328104575163398,43.0,0.17215686274509803,0.19963669776916504
306,30700.0,1.5934201954397393,23.0,1.5934201954397393,23.0,0.14298045602605863,0.19774699211120605
307,30800.0,1.6869805194805194,26.0,1.6869805194805194,26.0,0.15457792207792206,0.2000133991241455
308,30900.0,1.623462783171521,28.0,1.623462783171521,28.0,0.14351132686084142,0.2066478729248047
309,31000.0,1.672774193548387,27.0,1.672774193548387,27.0,0.14864516129032257,0.2116250991821289
310,31100.0,1.5866237942122186,26.0,1.5866237942122186,26.0,0.14040192926045017,0.2086632251739502
311,31200.0,1.7711858974358974,48.0,1.7711858974358974,48.0,0.15493589743589745,0.21165037155151367
312,31300.0,1.585367412140575,20.0,1.585367412140575,20.0,0.1428594249201278,0.2021193504333496
313,31400.0,1.6165605095541402,44.0,1.6165605095541402,44.0,0.14539808917197453,0.19912505149841309
314,31500.0,1.9347301587301586,27.0,1.9347301587301586,27.0,0.17733333333333334,0.2046215534210205
315,31600.0,1.6127848101265823,23.0,1.6127848101265823,23.0,0.14449367088607595,0.2085883617401123
316,31700.0,1.589621451104101,23.0,1.589621451104101,23.0,0.14261829652996846,0.20261836051940918
317,31800.0,1.6346540880503144,38.0,1.6346540880503144,38.0,0.1479874213836478,0.20512890815734863
318,31900.0,1.6378683385579937,29.0,1.6378683385579937,29.0,0.1459090909090909,0.21069908142089844
319,32000.0,1.73415625,37.0,1.73415625,37.0,0.151953125,0.20461106300354004
320,32100.0,1.6196884735202493,35.0,1.6196884735202493,35.0,0.1442834890965732,0.20710968971252441
321,32200.0,1.6568012422360248,26.0,1.6568012422360248,26.0,0.15301242236024845,0.21061062812805176
322,32300.0,1.5986377708978328,26.0,1.5986377708978328,26.0,0.14339009287925697,0.20511269569396973
323,32400.0,2.1891975308641975,106.0,2.1891975308641975,106.0,0.1754320987654321,0.2116398811340332
324,32500.0,1.7383692307692307,44.0,1.7383692307692307,44.0,0.14915384615384616,0.20912504196166992
325,32600.0,1.6083128834355829,28.0,1.6083128834355829,28.0,0.14375766871165643,0.21337056159973145
326,32700.0,1.6029357798165138,25.0,1.6029357798165138,25.0,0.14440366972477064,0.21212363243103027
327,32800.0,1.6861280487804877,28.0,1.6861280487804877,28.0,0.1496189024390244,0.2176203727722168
328,32900.0,1.6139817629179332,25.0,1.6139817629179332,25.0,0.14617021276595746,0.21224141120910645
329,33000.0,1.7233030303030303,34.0,1.7233030303030303,34.0,0.1528787878787879,0.2171308994293213
330,33100.0,1.5718429003021148,32.0,1.5718429003021148,32.0,0.14060422960725075,0.21261048316955566
331,33200.0,1.6192168674698795,27.0,1.6192168674698795,27.0,0.14620481927710843,0.2146139144897461
332,33300.0,1.7994894894894895,25.0,1.7994894894894895,25.0,0.169009009009009,0.21410107612609863
333,33400.0,1.597874251497006,28.0,1.597874251497006,28.0,0.14345808383233533,0.21416759490966797
334,33500.0,1.608268656716418,24.0,1.608268656716418,24.0,0.14298507462686566,0.21411585807800293
335,33600.0,1.8218154761904761,55.0,1.8218154761904761,55.0,0.15861607142857143,0.21460771560668945
336,33700.0,1.5847477744807121,33.0,1.5847477744807121,33.0,0.1398813056379822,0.21569609642028809
337,33800.0,1.70698224852071,29.0,1.70698224852071,29.0,0.15078402366863905,0.2166140079498291
338,33900.0,1.6136873156342182,27.0,1.6136873156342182,27.0,0.1448230088495575,0.21773910522460938
339,34000.0,1.6957941176470588,37.0,1.6957941176470588,37.0,0.1514705882352941,0.2201218605041504
340,34100.0,1.6105571847507332,32.0,1.6105571847507332,32.0,0.14451612903225808,0.22562479972839355
341,34200.0,1.9152923976608187,37.0,1.9152923976608187,37.0,0.1730409356725146,0.22162675857543945
342,34300.0,1.7225655976676384,37.0,1.7225655976676384,37.0,0.15590379008746355,0.22957968711853027
343,34400.0,1.6707267441860465,34.0,1.6707267441860465,34.0,0.14915697674418604,0.2201852798461914
344,34500.0,1.6666956521739131,33.0,1.6666956521739131,33.0,0.1498840579710145,0.22269940376281738
345,34600.0,1.6044797687861272,27.0,1.6044797687861272,27.0,0.14309248554913295,0.22813081741333008
346,34700.0,1.59835734870317,22.0,1.59835734870317,22.0,0.14285302593659943,0.22413396835327148
347,34800.0,1.6922701149425288,33.0,1.6922701149425288,33.0,0.15094827586206896,0.22661995887756348
348,34900.0,1.5919770773638968,25.0,1.5919770773638968,25.0,0.14209169054441262,0.22612261772155762
349,35000.0,1.9712857142857143,45.0,1.9712857142857143,45.0,0.15717142857142857,0.230621337890625
350,35100.0,1.8724501424501425,26.0,1.8724501424501425,26.0,0.17232193732193732,0.22877049446105957
351,35200.0,1.6921022727272728,31.0,1.6921022727272728,31.0,0.15181818181818182,0.229140043258667
352,35300.0,1.5926628895184136,22.0,1.5926628895184136,22.0,0.14237960339943342,0.22711443901062012
353,35400.0,1.6587288135593221,27.0,1.6587288135593221,27.0,0.1478954802259887,0.23805880546569824
354,35500.0,1.5998591549295775,38.0,1.5998591549295775,38.0,0.14291549295774647,0.22914743423461914
355,35600.0,1.618876404494382,23.0,1.618876404494382,23.0,0.14492977528089887,0.23664593696594238
356,35700.0,1.6475070028011205,27.0,1.6475070028011205,27.0,0.15002801120448178,0.22961187362670898
357,35800.0,1.6146927374301676,30.0,1.6146927374301676,30.0,0.14446927374301677,0.2271435260772705
358,35900.0,1.5949860724233984,27.0,1.5949860724233984,27.0,0.1431058495821727,0.2351365089416504
359,36000.0,2.3185277777777777,69.0,2.3185277777777777,69.0,0.17845833333333333,0.23523926734924316
360,36100.0,1.645180055401662,31.0,1.645180055401662,31.0,0.1476454293628809,0.24215126037597656
361,36200.0,1.6082596685082873,24.0,1.6082596685082873,24.0,0.14375690607734806,0.23569726943969727
362,36300.0,1.9728650137741046,59.0,1.9728650137741046,59.0,0.155633608815427,0.2416541576385498
363,36400.0,1.704478021978022,28.0,1.704478021978022,28.0,0.15630494505494505,0.2351243495941162
364,36500.0,1.6273698630136986,23.0,1.6273698630136986,23.0,0.14494520547945206,0.23882102966308594
365,36600.0,1.6477322404371584,24.0,1.6477322404371584,24.0,0.14752732240437158,0.23963642120361328
366,36700.0,1.5891553133514986,28.0,1.5891553133514986,28.0,0.14228882833787465,0.2376539707183838
367,36800.0,1.6769021739130434,30.0,1.6769021739130434,30.0,0.1514266304347826,0.23914217948913574
368,36900.0,1.8246341463414635,29.0,1.8246341463414635,29.0,0.16911924119241192,0.2361598014831543
369,37000.0,1.6492162162162163,31.0,1.6492162162162163,31.0,0.14672972972972972,0.23822402954101562
370,37100.0,1.6179514824797843,28.0,1.6179514824797843,28.0,0.14908355795148248,0.23813390731811523
371,37200.0,1.7004032258064516,41.0,1.7004032258064516,41.0,0.1496505376344086,0.2401106357574463
372,37300.0,1.582466487935657,24.0,1.582466487935657,24.0,0.1415549597855228,0.24361562728881836
373,37400.0,1.640187165775401,26.0,1.640187165775401,26.0,0.14779411764705883,0.24643349647521973
374,37500.0,1.76368,35.0,1.76368,35.0,0.15069333333333335,0.24662470817565918
375,37600.0,1.6586170212765958,28.0,1.6586170212765958,28.0,0.14849734042553192,0.24613213539123535
376,37700.0,1.5990185676392572,29.0,1.5990185676392572,29.0,0.14393899204244032,0.24712753295898438
377,37800.0,1.9774338624338625,32.0,1.9774338624338625,32.0,0.17936507936507937,0.24464130401611328
378,37900.0,1.5896042216358839,31.0,1.5896042216358839,31.0,0.14178100263852242,0.24913573265075684
379,38000.0,1.6851578947368422,33.0,1.6851578947368422,33.0,0.15017105263157896,0.2516491413116455
380,38100.0,1.6046194225721784,30.0,1.6046194225721784,30.0,0.1442782152230971,0.2526390552520752
381,38200.0,1.6134816753926702,29.0,1.6134816753926702,29.0,0.14450261780104712,0.2508995532989502
382,38300.0,1.5914360313315927,39.0,1.5914360313315927,39.0,0.14198433420365536,0.25217175483703613
383,38400.0,1.760546875,35.0,1.760546875,35.0,0.151796875,0.2511465549468994
384,38500.0,1.6756363636363636,28.0,1.6756363636363636,28.0,0.15198701298701298,0.24849486351013184
385,38600.0,1.60720207253886,25.0,1.60720207253886,25.0,0.14417098445595855,0.24864578247070312
386,38700.0,1.818268733850129,25.0,1.818268733850129,25.0,0.16954780361757105,0.2550387382507324
387,38800.0,1.6257731958762887,32.0,1.6257731958762887,32.0,0.1467396907216495,0.2526357173919678
388,38900.0,1.5953213367609254,31.0,1.5953213367609254,31.0,0.1433033419023136,0.2511584758758545
389,39000.0,1.720051282051282,45.0,1.720051282051282,45.0,0.15283333333333332,0.25363612174987793
390,39100.0,1.6253452685421994,33.0,1.6253452685421994,33.0,0.1462148337595908,0.26214599609375
391,39200.0,1.8563520408163265,50.0,1.8563520408163265,50.0,0.16357142857142856,0.25693273544311523
392,39300.0,1.6135368956743004,40.0,1.6135368956743004,40.0,0.14478371501272264,0.2621018886566162
393,39400.0,1.6074365482233504,31.0,1.6074365482233504,31.0,0.14390862944162436,0.2611420154571533
394,39500.0,1.6094683544303798,31.0,1.6094683544303798,31.0,0.1419493670886076,0.25808143615722656
395,39600.0,2.079848484848485,49.0,2.079848484848485,49.0,0.17563131313131314,0.2641267776489258
396,39700.0,1.597632241813602,24.0,1.597632241813602,24.0,0.14239294710327455,0.25615525245666504
397,39800.0,1.5984170854271358,27.0,1.5984170854271358,27.0,0.1439321608040201,0.25733470916748047
398,39900.0,1.6405513784461152,35.0,1.6405513784461152,35.0,0.14917293233082707,0.2572147846221924
399,40000.0,1.948325,54.0,1.948325,54.0,0.1555375,0.266157865524292
400,40100.0,1.5873067331670823,24.0,1.5873067331670823,24.0,0.1409226932668329,0.26064467430114746
401,40200.0,1.6457462686567164,28.0,1.6457462686567164,28.0,0.14690298507462687,0.26116180419921875
402,40300.0,1.5923573200992556,35.0,1.5923573200992556,35.0,0.14232009925558312,0.25713109970092773
403,40400.0,1.6410643564356435,26.0,1.6410643564356435,26.0,0.1473638613861386,0.2598738670349121
404,40500.0,1.9070123456790125,41.0,1.9070123456790125,41.0,0.17450617283950617,0.26115894317626953
405,40600.0,1.6636453201970443,32.0,1.6636453201970443,32.0,0.15119458128078817,0.265155553817749
406,40700.0,1.6202211302211302,24.0,1.6202211302211302,24.0,0.14377149877149878,0.2636690139770508
407,40800.0,1.7641421568627451,61.0,1.7641421568627451,61.0,0.15230392156862746,0.2631258964538574
408,40900.0,1.5848655256723716,29.0,1.5848655256723716,29.0,0.142359413202934,0.27118682861328125
409,41000.0,1.6697317073170732,30.0,1.6697317073170732,30.0,0.1481219512195122,0.2725510597229004
410,41100.0,1.6016058394160584,27.0,1.6016058394160584,27.0,0.1425669099756691,0.27245044708251953
411,41200.0,1.6585679611650486,24.0,1.6585679611650486,24.0,0.1483131067961165,0.273151159286499
412,41300.0,1.6289346246973366,29.0,1.6289346246973366,29.0,0.14753026634382566,0.27216482162475586
413,41400.0,1.9327777777777777,36.0,1.9327777777777777,36.0,0.17484299516908214,0.27114176750183105
414,41500.0,1.601277108433735,29.0,1.601277108433735,29.0,0.14256626506024098,0.27024245262145996
415,41600.0,1.6853846153846155,24.0,1.6853846153846155,24.0,0.15252403846153847,0.2731616497039795
416,41700.0,1.6254196642685852,30.0,1.6254196642685852,30.0,0.14443645083932855,0.27014613151550293
417,41800.0,1.6489952153110048,28.0,1.6489952153110048,28.0,0.14828947368421053,0.2721571922302246
418,41900.0,1.5798806682577566,24.0,1.5798806682577566,24.0,0.14083532219570405,0.2741403579711914
419,42000.0,1.7780238095238095,36.0,1.7780238095238095,36.0,0.15932142857142856,0.27221083641052246
420,42100.0,1.6026603325415676,30.0,1.6026603325415676,30.0,0.14309976247030878,0.27164673805236816
421,42200.0,1.616919431279621,22.0,1.616919431279621,22.0,0.1441469194312796,0.27864980697631836
422,42300.0,1.8233806146572105,34.0,1.8233806146572105,34.0,0.16910165484633569,0.2799797058105469
423,42400.0,1.6582075471698112,43.0,1.6582075471698112,43.0,0.14689858490566038,0.2811427116394043
424,42500.0,1.7490588235294118,48.0,1.7490588235294118,48.0,0.14750588235294118,0.27714967727661133
425,42600.0,1.6236384976525822,32.0,1.6236384976525822,32.0,0.14609154929577464,0.2802696228027344
426,42700.0,1.613559718969555,27.0,1.613559718969555,27.0,0.1468735362997658,0.3032267093658447
427,42800.0,1.6292757009345795,45.0,1.6292757009345795,45.0,0.1460981308411215,0.28394222259521484
428,42900.0,1.6324242424242423,25.0,1.6324242424242423,25.0,0.14768065268065267,0.2897787094116211
429,43000.0,1.6772325581395349,26.0,1.6772325581395349,26.0,0.14832558139534885,0.28315258026123047
430,43100.0,1.5785150812064965,25.0,1.5785150812064965,25.0,0.14136890951276102,0.2806401252746582
431,43200.0,2.2953935185185186,67.0,2.2953935185185186,67.0,0.17677083333333332,0.2991762161254883
432,43300.0,1.5985912240184756,24.0,1.5985912240184756,24.0,0.14284064665127022,0.28064584732055664
433,43400.0,1.6544009216589861,33.0,1.6544009216589861,33.0,0.1505184331797235,0.28215456008911133
434,43500.0,1.626183908045977,31.0,1.626183908045977,31.0,0.14667816091954022,0.28306078910827637
435,43600.0,1.6272477064220183,24.0,1.6272477064220183,24.0,0.1467545871559633,0.2855384349822998
436,43700.0,1.6119908466819222,23.0,1.6119908466819222,23.0,0.14601830663615561,0.2848036289215088
437,43800.0,1.6436529680365297,33.0,1.6436529680365297,33.0,0.1467351598173516,0.29515576362609863
438,43900.0,1.5925284738041001,30.0,1.5925284738041001,30.0,0.14151480637813213,0.28514814376831055
439,44000.0,1.7440227272727273,39.0,1.7440227272727273,39.0,0.15551136363636364,0.29033637046813965
440,44100.0,2.319160997732426,78.0,2.319160997732426,78.0,0.18412698412698414,0.2916698455810547
441,44200.0,1.6226696832579186,31.0,1.6226696832579186,31.0,0.14607466063348415,0.2936699390411377
442,44300.0,1.5897968397291196,32.0,1.5897968397291196,32.0,0.1424943566591422,0.2887754440307617
443,44400.0,1.6794594594594594,40.0,1.6794594594594594,40.0,0.1490653153153153,0.29137444496154785
444,44500.0,1.6083595505617978,26.0,1.6083595505617978,26.0,0.1430112359550562,0.28865551948547363
445,44600.0,1.6219955156950672,31.0,1.6219955156950672,31.0,0.14400224215246638,0.29866719245910645
446,44700.0,1.6162863534675616,27.0,1.6162863534675616,27.0,0.1452125279642058,0.2982337474822998
447,44800.0,1.7468080357142857,40.0,1.7468080357142857,40.0,0.15675223214285713,0.2916450500488281
448,44900.0,1.5887973273942093,28.0,1.5887973273942093,28.0,0.14148106904231625,0.3049743175506592
449,45000.0,2.3535333333333335,66.0,2.3535333333333335,66.0,0.17886666666666667,0.2947995662689209
450,45100.0,1.6077383592017738,26.0,1.6077383592017738,26.0,0.14481152993348115,0.2921903133392334
451,45200.0,1.6417477876106195,24.0,1.6417477876106195,24.0,0.14863938053097345,0.2926676273345947
452,45300.0,1.6129359823399558,23.0,1.6129359823399558,23.0,0.14391832229580573,0.3016972541809082
453,45400.0,1.608986784140969,32.0,1.608986784140969,32.0,0.14403083700440528,0.2981555461883545
454,45500.0,1.6523736263736264,30.0,1.6523736263736264,30.0,0.15025274725274726,0.295149564743042
455,45600.0,1.7671052631578947,34.0,1.7671052631578947,34.0,0.15230263157894736,0.2984428405761719
456,45700.0,1.5856017505470459,31.0,1.5856017505470459,31.0,0.14057986870897154,0.31267786026000977
457,45800.0,1.6364410480349345,52.0,1.6364410480349345,52.0,0.14563318777292578,0.3024463653564453
458,45900.0,1.8735294117647059,41.0,1.8735294117647059,41.0,0.17145969498910676,0.3086104393005371
459,46000.0,1.7088478260869566,36.0,1.7088478260869566,36.0,0.15266304347826087,0.31767797470092773
460,46100.0,1.5906724511930586,27.0,1.5906724511930586,27.0,0.14197396963123643,0.30080437660217285
461,46200.0,1.7227922077922078,29.0,1.7227922077922078,29.0,0.15778138528138527,0.3008768558502197
462,46300.0,1.5966738660907127,26.0,1.5966738660907127,26.0,0.14346652267818574,0.30680322647094727
463,46400.0,1.6676077586206897,27.0,1.6676077586206897,27.0,0.14985991379310346,0.3038022518157959
464,46500.0,1.631010752688172,32.0,1.631010752688172,32.0,0.14456989247311827,0.3096747398376465
465,46600.0,1.6233261802575107,30.0,1.6233261802575107,30.0,0.14495708154506437,0.3066740036010742
466,46700.0,1.5831477516059957,27.0,1.5831477516059957,27.0,0.13942184154175588,0.320192813873291
467,46800.0,2.050213675213675,57.0,2.050213675213675,57.0,0.1740491452991453,0.3074934482574463
468,46900.0,1.6171641791044775,39.0,1.6171641791044775,39.0,0.14655650319829425,0.31066370010375977
469,47000.0,1.6737021276595745,33.0,1.6737021276595745,33.0,0.14736170212765956,0.3086233139038086
470,47100.0,1.6127388535031848,32.0,1.6127388535031848,32.0,0.14312101910828026,0.3021702766418457
471,47200.0,1.6623516949152541,31.0,1.6623516949152541,31.0,0.14967161016949151,0.3043346405029297
472,47300.0,1.6132346723044397,22.0,1.6132346723044397,22.0,0.14494714587737845,0.3057694435119629
473,47400.0,1.6392194092827004,28.0,1.6392194092827004,28.0,0.14729957805907173,0.3096780776977539
474,47500.0,1.7507157894736842,37.0,1.7507157894736842,37.0,0.1495157894736842,0.3217015266418457
475,47600.0,1.663298319327731,31.0,1.663298319327731,31.0,0.15274159663865547,0.31729793548583984
476,47700.0,1.8372327044025156,31.0,1.8372327044025156,31.0,0.169916142557652,0.31719541549682617
477,47800.0,1.616276150627615,26.0,1.616276150627615,26.0,0.14567991631799163,0.3601343631744385
478,47900.0,1.5813778705636743,28.0,1.5813778705636743,28.0,0.14113778705636743,0.31224703788757324
479,48000.0,1.8314791666666668,52.0,1.8314791666666668,52.0,0.1560625,0.32024526596069336
480,48100.0,1.5994802494802496,36.0,1.5994802494802496,36.0,0.14369022869022868,0.31509995460510254
481,48200.0,1.6062240663900416,34.0,1.6062240663900416,34.0,0.1449585062240664,0.3151721954345703
482,48300.0,1.659047619047619,28.0,1.659047619047619,28.0,0.15150103519668737,0.3146789073944092
483,48400.0,2.0157438016528926,60.0,2.0157438016528926,60.0,0.15893595041322314,0.32167577743530273
484,48500.0,1.632680412371134,45.0,1.632680412371134,45.0,0.145340206185567,0.3155190944671631
485,48600.0,2.0984362139917696,52.0,2.0984362139917696,52.0,0.17856995884773663,0.323840856552124
486,48700.0,1.5984188911704311,43.0,1.5984188911704311,43.0,0.14172484599589322,0.3161919116973877
487,48800.0,1.6626024590163935,27.0,1.6626024590163935,27.0,0.1486577868852459,0.31668925285339355
488,48900.0,1.6022085889570552,33.0,1.6022085889570552,33.0,0.14425357873210634,0.3181769847869873
489,49000.0,1.7818571428571428,35.0,1.7818571428571428,35.0,0.16024489795918367,0.31969285011291504
490,49100.0,1.5974745417515275,26.0,1.5974745417515275,26.0,0.14188391038696538,0.31766176223754883
491,49200.0,1.6817073170731707,37.0,1.6817073170731707,37.0,0.14877032520325204,0.32384228706359863
492,49300.0,1.5904665314401623,33.0,1.5904665314401623,33.0,0.14160243407707912,0.3196754455566406
493,49400.0,1.62917004048583,33.0,1.62917004048583,33.0,0.14582995951417005,0.3226745128631592
494,49500.0,1.922989898989899,43.0,1.922989898989899,43.0,0.17373737373737375,0.32328081130981445
495,49600.0,1.6558266129032257,30.0,1.6558266129032257,30.0,0.14760080645161291,0.320842981338501
496,49700.0,1.6033199195171026,27.0,1.6033199195171026,27.0,0.14501006036217304,0.3205394744873047
497,49800.0,1.650562248995984,29.0,1.650562248995984,29.0,0.1477309236947791,0.33025336265563965
498,49900.0,1.6027254509018036,38.0,1.6027254509018036,38.0,0.14332665330661323,0.32717013359069824
499,50000.0,1.89886,53.0,1.89886,53.0,0.1508,0.3272278308868408
500,50100.0,1.6068662674650698,29.0,1.6068662674650698,29.0,0.1429441117764471,0.3231778144836426
501,50200.0,1.61199203187251,31.0,1.61199203187251,31.0,0.14653386454183268,0.32865190505981445
502,50300.0,1.5870576540755468,22.0,1.5870576540755468,22.0,0.14286282306163023,0.3267366886138916
503,50400.0,2.3671230158730157,87.0,2.3671230158730157,87.0,0.18089285714285713,0.33380913734436035
504,50500.0,1.6190495049504952,25.0,1.6190495049504952,25.0,0.14452475247524751,0.33188414573669434
505,50600.0,1.6434189723320158,27.0,1.6434189723320158,27.0,0.14829051383399208,0.3381996154785156
506,50700.0,1.6811439842209073,52.0,1.6811439842209073,52.0,0.15020710059171596,0.33866310119628906
507,50800.0,1.606240157480315,31.0,1.606240157480315,31.0,0.14419291338582677,0.3288300037384033
508,50900.0,1.6041650294695482,34.0,1.6041650294695482,34.0,0.14260314341846758,0.33051085472106934
509,51000.0,1.6954117647058824,29.0,1.6954117647058824,29.0,0.15282352941176472,0.346113920211792
510,51100.0,1.630587084148728,30.0,1.630587084148728,30.0,0.147133072407045,0.3343322277069092
511,51200.0,1.65884765625,25.0,1.65884765625,25.0,0.1483984375,0.33667898178100586
512,51300.0,1.8610721247563353,27.0,1.8610721247563353,27.0,0.17063352826510722,0.33526039123535156
513,51400.0,1.6114007782101167,25.0,1.6114007782101167,25.0,0.1454863813229572,0.33336329460144043
514,51500.0,1.610854368932039,27.0,1.610854368932039,27.0,0.14424271844660194,0.33867621421813965
515,51600.0,1.6851550387596899,28.0,1.6851550387596899,28.0,0.14782945736434108,0.3357257843017578
516,51700.0,1.622862669245648,37.0,1.622862669245648,37.0,0.14477756286266924,0.37006187438964844
517,51800.0,1.6453861003861003,25.0,1.6453861003861003,25.0,0.14976833976833978,0.33567118644714355
518,51900.0,1.6157610789980732,38.0,1.6157610789980732,38.0,0.14442196531791907,0.331021785736084
519,52000.0,1.7357307692307693,39.0,1.7357307692307693,39.0,0.15375,0.3413422107696533
520,52100.0,1.5952207293666028,22.0,1.5952207293666028,22.0,0.14268714011516315,0.33769965171813965
521,52200.0,1.950632183908046,40.0,1.950632183908046,40.0,0.17371647509578544,0.34583234786987305
522,52300.0,1.6026195028680688,32.0,1.6026195028680688,32.0,0.1438718929254302,0.3428077697753906
523,52400.0,1.636145038167939,32.0,1.636145038167939,32.0,0.14668893129770993,0.3366694450378418
524,52500.0,1.8147619047619048,44.0,1.8147619047619048,44.0,0.15593333333333334,0.3411753177642822
525,52600.0,1.6124904942965779,28.0,1.6124904942965779,28.0,0.14495247148288973,0.3374197483062744
526,52700.0,1.5745540796963946,27.0,1.5745540796963946,27.0,0.14090132827324478,0.34218454360961914
527,52800.0,1.7987689393939394,40.0,1.7987689393939394,40.0,0.15463068181818182,0.34168386459350586
528,52900.0,1.981890359168242,61.0,1.981890359168242,61.0,0.15330812854442344,0.347273588180542
529,53000.0,1.6710188679245284,32.0,1.6710188679245284,32.0,0.14708490566037735,0.3466916084289551
530,53100.0,1.8274952919020715,35.0,1.8274952919020715,35.0,0.16892655367231638,0.3420560359954834
531,53200.0,1.6641541353383458,29.0,1.6641541353383458,29.0,0.15233082706766918,0.34631872177124023
532,53300.0,1.5985178236397748,29.0,1.5985178236397748,29.0,0.14333958724202628,0.3411865234375
533,53400.0,1.649812734082397,31.0,1.649812734082397,31.0,0.14833333333333334,0.34736108779907227
534,53500.0,1.617981308411215,34.0,1.617981308411215,34.0,0.14590654205607476,0.35088181495666504
535,53600.0,1.656007462686567,35.0,1.656007462686567,35.0,0.1484608208955224,0.34556078910827637
536,53700.0,1.6115642458100559,25.0,1.6115642458100559,25.0,0.14390130353817504,0.34875965118408203
537,53800.0,1.612899628252788,25.0,1.612899628252788,25.0,0.14513011152416358,0.343189001083374
538,53900.0,1.7060667903525046,29.0,1.7060667903525046,29.0,0.15637291280148424,0.3471713066101074
539,54000.0,2.1186666666666665,54.0,2.1186666666666665,54.0,0.17914814814814814,0.348691463470459
540,54100.0,1.5825323475046211,31.0,1.5825323475046211,31.0,0.14177449168207024,0.3492774963378906
541,54200.0,1.6214760147601477,28.0,1.6214760147601477,28.0,0.1448431734317343,0.35030603408813477
542,54300.0,1.6152302025782688,33.0,1.6152302025782688,33.0,0.1444659300184162,0.35819172859191895
543,54400.0,1.6753492647058823,38.0,1.6753492647058823,38.0,0.14945772058823528,0.355668306350708
544,54500.0,1.6183669724770642,39.0,1.6183669724770642,39.0,0.14538532110091743,0.3539917469024658
545,54600.0,1.6984798534798535,40.0,1.6984798534798535,40.0,0.15472527472527473,0.3557009696960449
546,54700.0,1.5846617915904937,27.0,1.5846617915904937,27.0,0.14225776965265083,0.34764599800109863
547,54800.0,1.6272262773722628,32.0,1.6272262773722628,32.0,0.14481751824817518,0.35306358337402344
548,54900.0,1.8442440801457194,40.0,1.8442440801457194,40.0,0.16999089253187613,0.357194185256958
549,55000.0,1.978909090909091,68.0,1.978909090909091,68.0,0.15337272727272727,0.35668301582336426
550,55100.0,1.6155172413793104,25.0,1.6155172413793104,25.0,0.14370235934664247,0.35388779640197754
551,55200.0,1.7681159420289856,39.0,1.7681159420289856,39.0,0.15221014492753623,0.3701789379119873
552,55300.0,1.6136889692585896,30.0,1.6136889692585896,30.0,0.14625678119349006,0.3506908416748047
553,55400.0,1.606552346570397,25.0,1.606552346570397,25.0,0.14421480144404333,0.3636198043823242
554,55500.0,1.6327387387387386,26.0,1.6327387387387386,26.0,0.1461891891891892,0.35573387145996094
555,55600.0,1.6191546762589928,31.0,1.6191546762589928,31.0,0.14482913669064748,0.3556838035583496
556,55700.0,1.5896947935368042,39.0,1.5896947935368042,39.0,0.14110412926391383,0.35520243644714355
557,55800.0,1.9104121863799284,46.0,1.9104121863799284,46.0,0.17171146953405017,0.35918188095092773
558,55900.0,1.5925581395348838,32.0,1.5925581395348838,32.0,0.14205724508050088,0.3657984733581543
559,56000.0,1.7740892857142858,40.0,1.7740892857142858,40.0,0.15928571428571428,0.370211124420166
560,56100.0,1.6401069518716578,37.0,1.6401069518716578,37.0,0.1473440285204991,0.36136555671691895
561,56200.0,1.6091459074733097,27.0,1.6091459074733097,27.0,0.1436832740213523,0.3719596862792969
562,56300.0,1.5986856127886324,30.0,1.5986856127886324,30.0,0.14243339253996448,0.3664093017578125
563,56400.0,1.6893262411347518,39.0,1.6893262411347518,39.0,0.14791666666666667,0.3677077293395996
564,56500.0,1.6137699115044248,27.0,1.6137699115044248,27.0,0.1436637168141593,0.3666079044342041
565,56600.0,1.606113074204947,27.0,1.606113074204947,27.0,0.1443374558303887,0.36651062965393066
566,56700.0,1.9611992945326278,34.0,1.9611992945326278,34.0,0.17846560846560847,0.3657081127166748
567,56800.0,1.6564084507042254,26.0,1.6564084507042254,26.0,0.1491725352112676,0.36319756507873535
568,56900.0,1.598207381370826,29.0,1.598207381370826,29.0,0.14297891036906854,0.36490774154663086
569,57000.0,1.7067543859649124,40.0,1.7067543859649124,40.0,0.1505877192982456,0.37068986892700195
570,57100.0,1.5923467600700525,37.0,1.5923467600700525,37.0,0.14186514886164622,0.36469554901123047
571,57200.0,1.663583916083916,28.0,1.663583916083916,28.0,0.15182692307692308,0.36695408821105957
572,57300.0,1.5998429319371728,25.0,1.5998429319371728,25.0,0.14330715532286212,0.37519288063049316
573,57400.0,1.6446515679442508,32.0,1.6446515679442508,32.0,0.1506445993031359,0.36619997024536133
574,57500.0,1.7451652173913044,43.0,1.7451652173913044,43.0,0.1496695652173913,0.3661768436431885
575,57600.0,2.2816493055555553,65.0,2.2816493055555553,65.0,0.1742621527777778,0.3683614730834961
576,57700.0,1.6010225303292893,37.0,1.6010225303292893,37.0,0.14217504332755632,0.37186241149902344
577,57800.0,1.6930968858131488,35.0,1.6930968858131488,35.0,0.15257785467128027,0.376603364944458
578,57900.0,1.59720207253886,30.0,1.59720207253886,30.0,0.14288428324697755,0.3722074031829834
579,58000.0,1.689448275862069,48.0,1.689448275862069,48.0,0.14936206896551724,0.3826944828033447
580,58100.0,1.607039586919105,23.0,1.607039586919105,23.0,0.14736660929432013,0.3721926212310791
581,58200.0,1.6423024054982818,29.0,1.6423024054982818,29.0,0.14708762886597937,0.3731968402862549
582,58300.0,1.6144939965694682,28.0,1.6144939965694682,28.0,0.14578902229845625,0.3894031047821045
583,58400.0,1.6671746575342465,31.0,1.6671746575342465,31.0,0.14884417808219177,0.37960147857666016
584,58500.0,1.885931623931624,36.0,1.885931623931624,36.0,0.17219658119658118,0.37437963485717773
585,58600.0,1.6100853242320818,26.0,1.6100853242320818,26.0,0.1439334470989761,0.38242030143737793
586,58700.0,1.5805451448040886,30.0,1.5805451448040886,30.0,0.1423083475298126,0.37563085556030273
587,58800.0,1.9039455782312926,40.0,1.9039455782312926,40.0,0.16550170068027212,0.3802173137664795
588,58900.0,1.603378607809847,31.0,1.603378607809847,31.0,0.14308998302207132,0.3756449222564697
589,59000.0,1.6606440677966101,39.0,1.6606440677966101,39.0,0.1481864406779661,0.38028645515441895
590,59100.0,1.6132825719120136,31.0,1.6132825719120136,31.0,0.14415397631133672,0.3800690174102783
591,59200.0,1.6563513513513513,32.0,1.6563513513513513,32.0,0.14828547297297298,0.3786935806274414
592,59300.0,1.6000674536256323,36.0,1.6000674536256323,36.0,0.14352445193929173,0.38068246841430664
593,59400.0,1.9365656565656566,53.0,1.9365656565656566,53.0,0.17567340067340068,0.38881993293762207
594,59500.0,1.6607058823529413,32.0,1.6607058823529413,32.0,0.15232773109243697,0.3852229118347168
595,59600.0,1.6204530201342282,31.0,1.6204530201342282,31.0,0.1455788590604027,0.37781524658203125
596,59700.0,1.6034170854271357,27.0,1.6034170854271357,27.0,0.14329145728643217,0.38219594955444336
597,59800.0,1.6332274247491638,33.0,1.6332274247491638,33.0,0.14907190635451506,0.3877127170562744
598,59900.0,1.596727879799666,32.0,1.596727879799666,32.0,0.14358096828046746,0.3802769184112549
599,60000.0,2.107266666666667,74.0,2.107266666666667,74.0,0.15991666666666668,0.3872032165527344
600,60100.0,1.5875374376039932,25.0,1.5875374376039932,25.0,0.14215474209650583,0.3862137794494629
601,60200.0,1.6404651162790698,35.0,1.6404651162790698,35.0,0.14885382059800664,0.3882133960723877
602,60300.0,1.8344278606965174,39.0,1.8344278606965174,39.0,0.16941127694859037,0.38620448112487793
603,60400.0,1.6295529801324504,29.0,1.6295529801324504,29.0,0.1460182119205298,0.3862433433532715
604,60500.0,1.9866776859504132,50.0,1.9866776859504132,50.0,0.1564380165289256,0.38770484924316406
605,60600.0,1.6362211221122112,40.0,1.6362211221122112,40.0,0.1463118811881188,0.3972136974334717
606,60700.0,1.5930971993410215,27.0,1.5930971993410215,27.0,0.14287479406919276,0.3938891887664795
607,60800.0,1.6557236842105263,28.0,1.6557236842105263,28.0,0.14737664473684212,0.40655946731567383
608,60900.0,1.6533333333333333,29.0,1.6533333333333333,29.0,0.14980295566502463,0.39341115951538086
609,61000.0,1.6812950819672132,34.0,1.6812950819672132,34.0,0.14930327868852458,0.393695592880249
610,61100.0,1.5846317512274959,24.0,1.5846317512274959,24.0,0.14136661211129295,0.39671897888183594
611,61200.0,2.071732026143791,71.0,2.071732026143791,71.0,0.17488562091503268,0.40427517890930176
612,61300.0,1.5887112561174552,24.0,1.5887112561174552,24.0,0.14274877650897227,0.39415884017944336
613,61400.0,1.6036319218241042,27.0,1.6036319218241042,27.0,0.14423452768729642,0.40439820289611816
614,61500.0,1.6262926829268292,32.0,1.6262926829268292,32.0,0.1446178861788618,0.39732837677001953
615,61600.0,1.7316396103896103,43.0,1.7316396103896103,43.0,0.1573133116883117,0.4079251289367676
616,61700.0,1.5925283630470015,28.0,1.5925283630470015,28.0,0.14288492706645056,0.39519429206848145
617,61800.0,1.6392880258899676,40.0,1.6392880258899676,40.0,0.14564724919093852,0.40589070320129395
618,61900.0,1.5929563812600969,31.0,1.5929563812600969,31.0,0.14164781906300486,0.4008338451385498
619,62000.0,1.6710967741935483,31.0,1.6710967741935483,31.0,0.14817741935483872,0.4072105884552002
620,62100.0,1.8603381642512078,30.0,1.8603381642512078,30.0,0.17318840579710146,0.4047210216522217
621,62200.0,1.6145659163987138,27.0,1.6145659163987138,27.0,0.145016077170418,0.4018738269805908
622,62300.0,1.6274638844301765,23.0,1.6274638844301765,23.0,0.14769662921348314,0.41892194747924805
623,62400.0,1.7687339743589743,43.0,1.7687339743589743,43.0,0.15403044871794871,0.4113907814025879
624,62500.0,1.731504,42.0,1.731504,42.0,0.148448,0.40340685844421387
625,62600.0,1.6051757188498403,32.0,1.6051757188498403,32.0,0.1431230031948882,0.4104428291320801
626,62700.0,1.6311004784688996,40.0,1.6311004784688996,40.0,0.14605263157894738,0.40485596656799316
627,62800.0,1.6289490445859873,29.0,1.6289490445859873,29.0,0.14621019108280256,0.4087655544281006
628,62900.0,1.5913831478537361,46.0,1.5913831478537361,46.0,0.14191573926868045,0.40773892402648926
629,63000.0,2.0512698412698414,50.0,2.0512698412698414,50.0,0.18073015873015874,0.413529634475708
630,63100.0,1.6004120443740095,37.0,1.6004120443740095,37.0,0.14279714738510302,0.40465474128723145
631,63200.0,1.6604746835443038,35.0,1.6604746835443038,35.0,0.14839398734177214,0.40723466873168945
632,63300.0,1.6174407582938388,29.0,1.6174407582938388,29.0,0.14378357030015798,0.4086003303527832
633,63400.0,1.605646687697161,26.0,1.605646687697161,26.0,0.14341482649842272,0.41673874855041504
634,63500.0,1.6085511811023623,32.0,1.6085511811023623,32.0,0.1443307086614173,0.4168245792388916
635,63600.0,1.6917924528301886,39.0,1.6917924528301886,39.0,0.1496619496855346,0.41223883628845215
636,63700.0,1.7012715855572997,37.0,1.7012715855572997,37.0,0.15544740973312401,0.4152228832244873
637,63800.0,1.6478526645768026,29.0,1.6478526645768026,29.0,0.1488166144200627,0.41321516036987305
638,63900.0,1.8512363067292645,40.0,1.8512363067292645,40.0,0.1699452269170579,0.423614501953125
639,64000.0,1.7183125,29.0,1.7183125,29.0,0.153171875,0.41821837425231934
640,64100.0,1.5959126365054601,29.0,1.5959126365054601,29.0,0.14305772230889235,0.41874170303344727
641,64200.0,1.64493769470405,27.0,1.64493769470405,27.0,0.14749221183800623,0.4157388210296631
642,64300.0,1.5938880248833593,43.0,1.5938880248833593,43.0,0.14171073094867806,0.420759916305542
643,64400.0,1.677919254658385,28.0,1.677919254658385,28.0,0.15345496894409938,0.41796875
644,64500.0,1.637829457364341,24.0,1.637829457364341,24.0,0.14663565891472868,0.4234805107116699
645,64600.0,1.6354334365325078,29.0,1.6354334365325078,29.0,0.14562693498452012,0.425919771194458
646,64700.0,1.600757341576507,30.0,1.600757341576507,30.0,0.1423647604327666,0.4174020290374756
647,64800.0,2.534753086419753,116.0,2.534753086419753,116.0,0.1766358024691358,0.43429994583129883
648,64900.0,1.6186594761171031,31.0,1.6186594761171031,31.0,0.14461479198767335,0.4197213649749756
649,65000.0,1.936276923076923,57.0,1.936276923076923,57.0,0.15236153846153846,0.41971778869628906
650,65100.0,1.6354377880184332,28.0,1.6354377880184332,28.0,0.14840245775729646,0.4327735900878906
651,65200.0,1.6188650306748467,32.0,1.6188650306748467,32.0,0.14554447852760735,0.42272210121154785
652,65300.0,1.5964931087289433,29.0,1.5964931087289433,29.0,0.14190658499234304,0.42441368103027344
653,65400.0,1.6467737003058105,27.0,1.6467737003058105,27.0,0.14728593272171253,0.421832799911499
654,65500.0,1.6269618320610686,31.0,1.6269618320610686,31.0,0.14519847328244276,0.4227330684661865
655,65600.0,1.6765091463414634,34.0,1.6765091463414634,34.0,0.14954268292682926,0.42175912857055664
656,65700.0,1.818736681887367,42.0,1.818736681887367,42.0,0.16754946727549466,0.43474817276000977
657,65800.0,1.6441185410334347,38.0,1.6441185410334347,38.0,0.1487917933130699,0.4306044578552246
658,65900.0,1.587071320182094,26.0,1.587071320182094,26.0,0.1426176024279211,0.42775630950927734
659,66000.0,1.7607121212121213,33.0,1.7607121212121213,33.0,0.15531060606060607,0.43277478218078613
660,66100.0,1.5900151285930408,33.0,1.5900151285930408,33.0,0.1417624810892587,0.42724132537841797
661,66200.0,1.6080664652567975,26.0,1.6080664652567975,26.0,0.14411631419939577,0.43473005294799805
662,66300.0,1.6183861236802413,32.0,1.6183861236802413,32.0,0.14592006033182503,0.43062567710876465
663,66400.0,1.65605421686747,31.0,1.65605421686747,31.0,0.1491039156626506,0.4347083568572998
664,66500.0,1.6545413533834588,33.0,1.6545413533834588,33.0,0.15069924812030075,0.4382627010345459
665,66600.0,1.9102402402402403,47.0,1.9102402402402403,47.0,0.17198198198198197,0.4464726448059082
666,66700.0,1.607616191904048,24.0,1.607616191904048,24.0,0.14592203898050973,0.4348177909851074
667,66800.0,1.6355239520958085,28.0,1.6355239520958085,28.0,0.14604041916167665,0.43098974227905273
668,66900.0,1.61898355754858,35.0,1.61898355754858,35.0,0.1452391629297459,0.4410872459411621
669,67000.0,1.6639701492537313,40.0,1.6639701492537313,40.0,0.14824626865671642,0.4332456588745117
670,67100.0,1.635096870342772,36.0,1.635096870342772,36.0,0.1473397913561848,0.43823933601379395
671,67200.0,1.8359821428571428,44.0,1.8359821428571428,44.0,0.15988095238095237,0.4513070583343506
672,67300.0,1.5947548291233284,37.0,1.5947548291233284,37.0,0.14152303120356613,0.43489837646484375
673,67400.0,1.6155341246290802,30.0,1.6155341246290802,30.0,0.14429525222551928,0.44487929344177246
674,67500.0,2.0350074074074076,55.0,2.0350074074074076,55.0,0.17786666666666667,0.4559810161590576
675,67600.0,1.808387573964497,46.0,1.808387573964497,46.0,0.15670118343195266,0.4452497959136963
676,67700.0,1.5806203840472675,24.0,1.5806203840472675,24.0,0.14139586410635155,0.4417450428009033
677,67800.0,1.6513421828908554,28.0,1.6513421828908554,28.0,0.14800147492625368,0.44399499893188477
678,67900.0,1.6250073637702505,29.0,1.6250073637702505,29.0,0.14723858615611193,0.43575072288513184
679,68000.0,1.736779411764706,39.0,1.736779411764706,39.0,0.1519779411764706,0.43921375274658203
680,68100.0,1.6098972099853157,30.0,1.6098972099853157,30.0,0.14405286343612334,0.43843579292297363
681,68200.0,1.644208211143695,34.0,1.644208211143695,34.0,0.14723607038123168,0.45476865768432617
682,68300.0,1.5837774524158126,25.0,1.5837774524158126,25.0,0.1413909224011713,0.44280076026916504
683,68400.0,2.038845029239766,49.0,2.038845029239766,49.0,0.17475877192982456,0.45979762077331543
684,68500.0,1.6177080291970802,31.0,1.6177080291970802,31.0,0.14401459854014598,0.4475131034851074
685,68600.0,1.7570845481049562,53.0,1.7570845481049562,53.0,0.16020408163265307,0.44375133514404297
686,68700.0,1.6106841339155749,31.0,1.6106841339155749,31.0,0.14395924308588065,0.44745540618896484
687,68800.0,1.644985465116279,27.0,1.644985465116279,27.0,0.14749273255813952,0.4497506618499756
688,68900.0,1.5922786647314948,30.0,1.5922786647314948,30.0,0.1435631349782293,0.4614591598510742
689,69000.0,1.713304347826087,33.0,1.713304347826087,33.0,0.1522391304347826,0.4515695571899414
690,69100.0,1.589507959479016,31.0,1.589507959479016,31.0,0.1419971056439942,0.45131683349609375
691,69200.0,1.624407514450867,33.0,1.624407514450867,33.0,0.14709537572254336,0.4490244388580322
692,69300.0,1.948888888888889,58.0,1.948888888888889,58.0,0.17796536796536797,0.45977258682250977
693,69400.0,1.6129106628242076,26.0,1.6129106628242076,26.0,0.14512247838616715,0.4555034637451172
694,69500.0,1.6078705035971224,31.0,1.6078705035971224,31.0,0.14248920863309353,0.45584654808044434
695,69600.0,1.7538649425287356,40.0,1.7538649425287356,40.0,0.1528735632183908,0.4531097412109375
696,69700.0,1.5779626972740315,25.0,1.5779626972740315,25.0,0.14084648493543758,0.45240044593811035
697,69800.0,1.6163323782234957,25.0,1.6163323782234957,25.0,0.14550859598853869,0.4573855400085449
698,69900.0,1.593519313304721,29.0,1.593519313304721,29.0,0.14256080114449213,0.45776987075805664
699,70000.0,1.9662428571428572,57.0,1.9662428571428572,57.0,0.15655714285714287,0.4576089382171631
700,70100.0,1.583509272467903,35.0,1.583509272467903,35.0,0.14114835948644794,0.45674681663513184
701,70200.0,1.9598860398860398,47.0,1.9598860398860398,47.0,0.1773005698005698,0.45926976203918457
702,70300.0,1.5939118065433855,33.0,1.5939118065433855,33.0,0.14175675675675675,0.46311497688293457
703,70400.0,1.6753551136363636,33.0,1.6753551136363636,33.0,0.15113636363636362,0.4532325267791748
704,70500.0,1.6288794326241134,31.0,1.6288794326241134,31.0,0.1464822695035461,0.4553208351135254
705,70600.0,1.6186402266288953,23.0,1.6186402266288953,23.0,0.14526203966005666,0.45975565910339355
706,70700.0,1.63008486562942,30.0,1.63008486562942,30.0,0.14816831683168316,0.46677708625793457
707,70800.0,1.7006779661016949,42.0,1.7006779661016949,42.0,0.14937146892655367,0.4597454071044922
708,70900.0,1.596629055007052,31.0,1.596629055007052,31.0,0.14227080394922426,0.479172945022583
709,71000.0,1.6651267605633804,30.0,1.6651267605633804,30.0,0.14734507042253522,0.4664483070373535
710,71100.0,1.8517158931082982,45.0,1.8517158931082982,45.0,0.17036568213783404,0.4963953495025635
711,71200.0,1.654761235955056,29.0,1.654761235955056,29.0,0.1478300561797753,0.46694374084472656
712,71300.0,1.5980224403927068,30.0,1.5980224403927068,30.0,0.1438288920056101,0.4647514820098877
713,71400.0,1.6960504201680673,33.0,1.6960504201680673,33.0,0.15360644257703082,0.4791557788848877
714,71500.0,1.6463076923076922,34.0,1.6463076923076922,34.0,0.1485874125874126,0.4627852439880371
715,71600.0,1.6299022346368714,30.0,1.6299022346368714,30.0,0.14625698324022346,0.47075438499450684
716,71700.0,1.6150906555090656,31.0,1.6150906555090656,31.0,0.14450488145048815,0.46875572204589844
717,71800.0,1.6116155988857939,25.0,1.6116155988857939,25.0,0.14491643454038997,0.47814249992370605
718,71900.0,1.59452016689847,30.0,1.59452016689847,30.0,0.14207927677329624,0.4734358787536621
719,72000.0,2.3581527777777778,77.0,2.3581527777777778,77.0,0.17756944444444445,0.4849565029144287
720,72100.0,1.6093619972260749,35.0,1.6093619972260749,35.0,0.1470873786407767,0.46830058097839355
721,72200.0,1.6557063711911357,30.0,1.6557063711911357,30.0,0.1490304709141274,0.47382688522338867
722,72300.0,1.6126141078838174,46.0,1.6126141078838174,46.0,0.14357538035961273,0.4662609100341797
723,72400.0,1.6272790055248618,31.0,1.6272790055248618,31.0,0.14554558011049723,0.4763622283935547
724,72500.0,1.751255172413793,53.0,1.751255172413793,53.0,0.1500896551724138,0.5047674179077148
725,72600.0,2.031556473829201,95.0,2.031556473829201,95.0,0.15884986225895317,0.47986340522766113
726,72700.0,1.586987620357634,36.0,1.586987620357634,36.0,0.14158872077028886,0.4762537479400635
727,72800.0,1.7178983516483517,34.0,1.7178983516483517,34.0,0.15629120879120878,0.478334903717041
728,72900.0,2.0268175582990398,41.0,2.0268175582990398,41.0,0.17645404663923184,0.4967813491821289
729,73000.0,1.6645479452054794,40.0,1.6645479452054794,40.0,0.14763698630136987,0.4796907901763916
730,73100.0,1.5971272229822162,28.0,1.5971272229822162,28.0,0.14294801641586868,0.479778528213501
731,73200.0,1.6850546448087431,36.0,1.6850546448087431,36.0,0.15040983606557376,0.4738469123840332
732,73300.0,1.5824420190995907,32.0,1.5824420190995907,32.0,0.14136425648021828,0.4768834114074707
733,73400.0,1.6210899182561307,29.0,1.6210899182561307,29.0,0.14724114441416894,0.48502063751220703
734,73500.0,1.834,40.0,1.834,40.0,0.1609795918367347,0.4837682247161865
735,73600.0,1.7032336956521739,43.0,1.7032336956521739,43.0,0.1525271739130435,0.47975993156433105
736,73700.0,1.6259701492537313,35.0,1.6259701492537313,35.0,0.14565807327001357,0.4771101474761963
737,73800.0,1.9123441734417344,42.0,1.9123441734417344,42.0,0.17164634146341465,0.4853858947753906
738,73900.0,1.5811366711772665,41.0,1.5811366711772665,41.0,0.1415358592692828,0.47782063484191895
739,74000.0,1.6685675675675675,33.0,1.6685675675675675,33.0,0.14847972972972973,0.4783284664154053
740,74100.0,1.617476383265857,37.0,1.617476383265857,37.0,0.14599865047233468,0.4837944507598877
741,74200.0,1.6424932614555257,28.0,1.6424932614555257,28.0,0.14966981132075471,0.49480271339416504
742,74300.0,1.5941722745625841,26.0,1.5941722745625841,26.0,0.1424764468371467,0.4854922294616699
743,74400.0,1.773252688172043,39.0,1.773252688172043,39.0,0.15141801075268818,0.48975300788879395
744,74500.0,1.6168859060402685,29.0,1.6168859060402685,29.0,0.14421476510067113,0.4791297912597656
745,74600.0,1.611219839142091,29.0,1.611219839142091,29.0,0.1445107238605898,0.4906914234161377
746,74700.0,1.8317402945113788,35.0,1.8317402945113788,35.0,0.168239625167336,0.492260217666626
747,74800.0,1.6605080213903742,32.0,1.6605080213903742,32.0,0.14935828877005347,0.4843480587005615
748,74900.0,1.6127236315086781,34.0,1.6127236315086781,34.0,0.1473497997329773,0.4813811779022217
749,75000.0,1.91588,55.0,1.91588,55.0,0.15273333333333333,0.48938941955566406
750,75100.0,1.5849667110519308,24.0,1.5849667110519308,24.0,0.14160452729693743,0.4857461452484131
751,75200.0,1.66,26.0,1.66,26.0,0.1489029255319149,0.4912903308868408
752,75300.0,1.59863213811421,25.0,1.59863213811421,25.0,0.14360557768924304,0.4911367893218994
753,75400.0,1.6312334217506632,29.0,1.6312334217506632,29.0,0.14755305039787797,0.5046119689941406
754,75500.0,1.6100132450331126,29.0,1.6100132450331126,29.0,0.14336423841059603,0.49727487564086914
755,75600.0,2.139021164021164,51.0,2.139021164021164,51.0,0.18168650793650792,0.49576759338378906
756,75700.0,1.5994848084544253,34.0,1.5994848084544253,34.0,0.14339498018494057,0.49529242515563965
757,75800.0,1.6222955145118734,39.0,1.6222955145118734,39.0,0.1449868073878628,0.48783063888549805
758,75900.0,1.6505006587615283,28.0,1.6505006587615283,28.0,0.14913702239789195,0.493255615234375
759,76000.0,1.7119342105263158,32.0,1.7119342105263158,32.0,0.15260526315789474,0.5003015995025635
760,76100.0,1.5794480946123521,30.0,1.5794480946123521,30.0,0.1407161629434954,0.49213600158691406
761,76200.0,1.6395275590551182,34.0,1.6395275590551182,34.0,0.14609580052493437,0.5041556358337402
762,76300.0,1.6289777195281783,30.0,1.6289777195281783,30.0,0.14771952817824377,0.48925328254699707
763,76400.0,1.6199214659685863,36.0,1.6199214659685863,36.0,0.14543848167539267,0.49778270721435547
764,76500.0,1.8982875816993463,42.0,1.8982875816993463,42.0,0.17324183006535948,0.5058727264404297
765,76600.0,1.6089556135770235,54.0,1.6089556135770235,54.0,0.1437140992167102,0.4999220371246338
766,76700.0,1.5976531942633638,29.0,1.5976531942633638,29.0,0.14322685788787484,0.5073041915893555
767,76800.0,1.7719401041666667,38.0,1.7719401041666667,38.0,0.15281901041666668,0.5002999305725098
768,76900.0,1.5898049414824447,27.0,1.5898049414824447,27.0,0.14211313394018205,0.5004379749298096
769,77000.0,1.7182857142857142,40.0,1.7182857142857142,40.0,0.15578571428571428,0.5006961822509766
770,77100.0,1.6009987029831387,37.0,1.6009987029831387,37.0,0.14331387808041504,0.5089914798736572
771,77200.0,1.6414119170984456,40.0,1.6414119170984456,40.0,0.14632124352331607,0.500807523727417
772,77300.0,1.5797024579560155,24.0,1.5797024579560155,24.0,0.1423803363518758,0.5000095367431641
773,77400.0,1.9140180878552973,45.0,1.9140180878552973,45.0,0.17121447028423772,0.5128273963928223
774,77500.0,1.723574193548387,39.0,1.723574193548387,39.0,0.14798064516129034,0.506798505783081
775,77600.0,1.6652061855670104,39.0,1.6652061855670104,39.0,0.14936211340206185,0.5098614692687988
776,77700.0,1.6432432432432433,28.0,1.6432432432432433,28.0,0.1491119691119691,0.5007123947143555
777,77800.0,1.6110796915167096,29.0,1.6110796915167096,29.0,0.14548843187660668,0.5020222663879395
778,77900.0,1.5884852374839538,27.0,1.5884852374839538,27.0,0.14190629011553274,0.5192909240722656
779,78000.0,1.7578205128205129,57.0,1.7578205128205129,57.0,0.15496794871794872,0.513343095779419
780,78100.0,1.6315492957746478,43.0,1.6315492957746478,43.0,0.14536491677336746,0.5114166736602783
781,78200.0,1.6250639386189258,42.0,1.6250639386189258,42.0,0.1470140664961637,0.5032572746276855
782,78300.0,1.8642401021711366,47.0,1.8642401021711366,47.0,0.17302043422733077,0.5160479545593262
783,78400.0,1.955625,50.0,1.955625,50.0,0.16628188775510205,0.5154662132263184
784,78500.0,1.6271337579617835,33.0,1.6271337579617835,33.0,0.1454203821656051,0.5105140209197998
785,78600.0,1.6426717557251909,26.0,1.6426717557251909,26.0,0.14610687022900765,0.5148100852966309
786,78700.0,1.603138500635324,41.0,1.603138500635324,41.0,0.143005082592122,0.5088644027709961
787,78800.0,1.633286802030457,31.0,1.633286802030457,31.0,0.1459708121827411,0.5075383186340332
788,78900.0,1.597553865652725,30.0,1.597553865652725,30.0,0.14307984790874526,0.5081171989440918
789,79000.0,1.6669113924050634,47.0,1.6669113924050634,47.0,0.14722784810126582,0.5154485702514648
790,79100.0,1.6308596713021493,36.0,1.6308596713021493,36.0,0.14807838179519595,0.5182616710662842
791,79200.0,2.3053787878787877,101.0,2.3053787878787877,101.0,0.17569444444444443,0.5177290439605713
792,79300.0,1.6006809583858763,26.0,1.6006809583858763,26.0,0.1442559899117276,0.5127708911895752
793,79400.0,1.6069899244332493,33.0,1.6069899244332493,33.0,0.14387909319899245,0.5175399780273438
794,79500.0,1.6516981132075472,40.0,1.6516981132075472,40.0,0.14852830188679245,0.5198037624359131
795,79600.0,1.6218844221105528,31.0,1.6218844221105528,31.0,0.1459359296482412,0.521277904510498
796,79700.0,1.5903513174404016,37.0,1.5903513174404016,37.0,0.14225846925972396,0.5182063579559326
797,79800.0,1.6877568922305763,31.0,1.6877568922305763,31.0,0.15453007518796993,0.524606466293335
798,79900.0,1.5861326658322903,24.0,1.5861326658322903,24.0,0.14270337922403004,0.519911527633667
799,80000.0,1.95115,60.0,1.95115,60.0,0.1551,0.5231168270111084
800,80100.0,1.822047440699126,40.0,1.822047440699126,40.0,0.16717228464419476,0.5204868316650391
801,80200.0,1.6135162094763091,30.0,1.6135162094763091,30.0,0.14432668329177056,0.524979829788208
802,80300.0,1.6248941469489415,33.0,1.6248941469489415,33.0,0.1455230386052304,0.5212631225585938
803,80400.0,1.6916044776119403,32.0,1.6916044776119403,32.0,0.14939676616915423,0.5248458385467529
804,80500.0,1.660086956521739,38.0,1.660086956521739,38.0,0.15065217391304347,0.5232441425323486
805,80600.0,1.6101861042183623,22.0,1.6101861042183623,22.0,0.14464019851116625,0.5268683433532715
806,80700.0,1.6098017348203222,27.0,1.6098017348203222,27.0,0.14372986369268897,0.5239088535308838
807,80800.0,1.653539603960396,33.0,1.653539603960396,33.0,0.14854579207920793,0.5272655487060547
808,80900.0,1.5960074165636589,48.0,1.5960074165636589,48.0,0.1422929542645241,0.5348236560821533
809,81000.0,2.042962962962963,52.0,2.042962962962963,52.0,0.17755555555555555,0.5322949886322021
810,81100.0,1.5926880394574598,31.0,1.5926880394574598,31.0,0.1424414303329223,0.5319938659667969
811,81200.0,1.6761699507389163,28.0,1.6761699507389163,28.0,0.1535591133004926,0.5256760120391846
812,81300.0,1.6174169741697417,28.0,1.6174169741697417,28.0,0.14430504305043051,0.5284276008605957
813,81400.0,1.642972972972973,33.0,1.642972972972973,33.0,0.1475982800982801,0.5339288711547852
814,81500.0,1.6197055214723926,42.0,1.6197055214723926,42.0,0.1447791411042945,0.535815954208374
815,81600.0,1.7528921568627451,33.0,1.7528921568627451,33.0,0.1504718137254902,0.5268909931182861
816,81700.0,1.6005507955936353,28.0,1.6005507955936353,28.0,0.14247246022031823,0.5350985527038574
817,81800.0,1.6089853300733497,29.0,1.6089853300733497,29.0,0.14441320293398532,0.537844181060791
818,81900.0,1.9137606837606838,38.0,1.9137606837606838,38.0,0.17737484737484738,0.5382034778594971
819,82000.0,1.6689512195121952,31.0,1.6689512195121952,31.0,0.14827439024390243,0.5373079776763916
820,82100.0,1.608258221680877,37.0,1.608258221680877,37.0,0.14448233861144946,0.5458741188049316
821,82200.0,1.6387956204379561,44.0,1.6387956204379561,44.0,0.1460036496350365,0.539750337600708
822,82300.0,1.587217496962333,28.0,1.587217496962333,28.0,0.14232077764277035,0.556027889251709
823,82400.0,1.6596966019417476,33.0,1.6596966019417476,33.0,0.1487378640776699,0.544806718826294
824,82500.0,1.8222787878787878,40.0,1.8222787878787878,40.0,0.15352121212121211,0.5396902561187744
825,82600.0,1.6446004842615012,27.0,1.6446004842615012,27.0,0.1511138014527845,0.5372769832611084
826,82700.0,1.5805441354292624,36.0,1.5805441354292624,36.0,0.1405199516324063,0.5357925891876221
827,82800.0,2.075929951690821,44.0,2.075929951690821,44.0,0.1761231884057971,0.5535151958465576
828,82900.0,1.5949215922798552,33.0,1.5949215922798552,33.0,0.14231604342581422,0.5417964458465576
829,83000.0,1.6460481927710844,34.0,1.6460481927710844,34.0,0.14662650602409638,0.5422964096069336
830,83100.0,1.6077737665463296,34.0,1.6077737665463296,34.0,0.14403128760529482,0.5415487289428711
831,83200.0,1.6973557692307693,32.0,1.6973557692307693,32.0,0.15278846153846154,0.5442545413970947
832,83300.0,1.707611044417767,33.0,1.707611044417767,33.0,0.15675870348139256,0.540565013885498
833,83400.0,1.6317625899280574,40.0,1.6317625899280574,40.0,0.1461810551558753,0.5372762680053711
834,83500.0,1.6019640718562875,28.0,1.6019640718562875,28.0,0.1439880239520958,0.5427939891815186
835,83600.0,1.6459210526315788,36.0,1.6459210526315788,36.0,0.1483133971291866,0.5520153045654297
836,83700.0,1.8514456391875747,57.0,1.8514456391875747,57.0,0.17102150537634409,0.5553147792816162
837,83800.0,1.6145226730310263,32.0,1.6145226730310263,32.0,0.14397971360381862,0.5474233627319336
838,83900.0,1.5832419547079857,35.0,1.5832419547079857,35.0,0.14144815256257448,0.5492913722991943
839,84000.0,1.8482619047619047,38.0,1.8482619047619047,38.0,0.16113690476190476,0.5507841110229492
840,84100.0,1.7760760998810938,51.0,1.7760760998810938,51.0,0.15096313912009512,0.5498406887054443
841,84200.0,1.6114014251781472,29.0,1.6114014251781472,29.0,0.1449228028503563,0.5477948188781738
842,84300.0,1.6110083036773428,27.0,1.6110083036773428,27.0,0.14483985765124555,0.5557804107666016
843,84400.0,1.623175355450237,34.0,1.623175355450237,34.0,0.14653436018957347,0.554253101348877
844,84500.0,1.6788047337278107,37.0,1.6788047337278107,37.0,0.15011834319526626,0.5488615036010742
845,84600.0,1.9060874704491726,34.0,1.9060874704491726,34.0,0.17075059101654846,0.5553703308105469
846,84700.0,2.0248996458087367,64.0,2.0248996458087367,64.0,0.15812868949232586,0.5588181018829346
847,84800.0,1.6589858490566038,37.0,1.6589858490566038,37.0,0.1502122641509434,0.5548770427703857
848,84900.0,1.6096466431095406,26.0,1.6096466431095406,26.0,0.1427620730270907,0.5532994270324707
849,85000.0,1.931035294117647,60.0,1.931035294117647,60.0,0.15127058823529413,0.5673172473907471
850,85100.0,1.6220329024676852,30.0,1.6220329024676852,30.0,0.14610458284371328,0.5618858337402344
851,85200.0,1.6804107981220657,36.0,1.6804107981220657,36.0,0.14965962441314554,0.5592098236083984
852,85300.0,1.5920867526377491,28.0,1.5920867526377491,28.0,0.14223915592028136,0.5991897583007812
853,85400.0,1.6555269320843091,36.0,1.6555269320843091,36.0,0.15185011709601873,0.5558960437774658
854,85500.0,1.890736842105263,50.0,1.890736842105263,50.0,0.17280116959064326,0.55721116065979
855,85600.0,1.6597780373831776,28.0,1.6597780373831776,28.0,0.14859228971962618,0.5577683448791504
856,85700.0,1.5937222870478414,31.0,1.5937222870478414,31.0,0.1423803967327888,0.55991530418396
857,85800.0,1.6880885780885782,31.0,1.6880885780885782,31.0,0.15322843822843824,0.5786533355712891
858,85900.0,1.589627473806752,49.0,1.589627473806752,49.0,0.14147846332945285,0.5633103847503662
859,86000.0,1.6683604651162791,37.0,1.6683604651162791,37.0,0.14821511627906978,0.5755739212036133
860,86100.0,1.6497909407665505,29.0,1.6497909407665505,29.0,0.1504123112659698,0.5733656883239746
861,86200.0,1.6138631090487239,34.0,1.6138631090487239,34.0,0.14400812064965196,0.5699844360351562
862,86300.0,1.5942641946697567,40.0,1.5942641946697567,40.0,0.14100811123986096,0.5667905807495117
863,86400.0,2.336388888888889,81.0,2.336388888888889,81.0,0.1763599537037037,0.5821630954742432
864,86500.0,1.6178959537572255,27.0,1.6178959537572255,27.0,0.14413294797687862,0.5728163719177246
865,86600.0,1.6070785219399537,40.0,1.6070785219399537,40.0,0.14382794457274828,0.5604116916656494
866,86700.0,1.7374971164936563,40.0,1.7374971164936563,40.0,0.15318915801614763,0.5740699768066406
867,86800.0,1.664078341013825,34.0,1.664078341013825,34.0,0.15065092165898616,0.591829776763916
868,86900.0,1.6223705408515534,46.0,1.6223705408515534,46.0,0.14468354430379746,0.5819203853607178
869,87000.0,1.714183908045977,29.0,1.714183908045977,29.0,0.15236206896551724,0.5677886009216309
870,87100.0,1.6017795637198622,26.0,1.6017795637198622,26.0,0.14312858783008037,0.570446252822876
871,87200.0,1.6558027522935779,34.0,1.6558027522935779,34.0,0.14916857798165137,0.5648038387298584
872,87300.0,1.834077892325315,51.0,1.834077892325315,51.0,0.1695761741122566,0.5741124153137207
873,87400.0,1.6328146453089245,28.0,1.6328146453089245,28.0,0.14715102974828376,0.5722966194152832
874,87500.0,1.7916914285714285,47.0,1.7916914285714285,47.0,0.15492571428571428,0.573326587677002
875,87600.0,1.6830821917808219,53.0,1.6830821917808219,53.0,0.14857876712328766,0.5760586261749268
876,87700.0,1.6020638540478906,30.0,1.6020638540478906,30.0,0.1431927023945268,0.5723145008087158
877,87800.0,1.6033826879271071,37.0,1.6033826879271071,37.0,0.14415148063781322,0.5803213119506836
878,87900.0,1.6146188850967007,33.0,1.6146188850967007,33.0,0.14389078498293514,0.5708274841308594
879,88000.0,1.733625,46.0,1.733625,46.0,0.1555056818181818,0.5865452289581299
880,88100.0,1.5940976163450624,35.0,1.5940976163450624,35.0,0.14355845629965946,0.5689096450805664
881,88200.0,2.4117460317460315,90.0,2.4117460317460315,90.0,0.18785714285714286,0.5948042869567871
882,88300.0,1.5837259343148358,30.0,1.5837259343148358,30.0,0.1413137032842582,0.5705480575561523
883,88400.0,1.6348076923076924,31.0,1.6348076923076924,31.0,0.14813348416289593,0.5767185688018799
884,88500.0,1.6491751412429378,33.0,1.6491751412429378,33.0,0.1480225988700565,0.5720164775848389
885,88600.0,1.6092550790067721,25.0,1.6092550790067721,25.0,0.14438487584650112,0.5788984298706055
886,88700.0,1.599041713641488,29.0,1.599041713641488,29.0,0.14204622322435176,0.5841386318206787
887,88800.0,1.7698536036036037,55.0,1.7698536036036037,55.0,0.152865990990991,0.5793137550354004
888,88900.0,1.6139820022497189,31.0,1.6139820022497189,31.0,0.1456861642294713,0.586353063583374
889,89000.0,1.6655505617977528,41.0,1.6655505617977528,41.0,0.14725842696629213,0.5805177688598633
890,89100.0,1.9302020202020203,40.0,1.9302020202020203,40.0,0.1772895622895623,0.5865371227264404
891,89200.0,1.6380829596412556,36.0,1.6380829596412556,36.0,0.1463116591928251,0.5805962085723877
892,89300.0,1.5937066069428891,27.0,1.5937066069428891,27.0,0.14239081746920493,0.5818803310394287
893,89400.0,1.6369686800894854,40.0,1.6369686800894854,40.0,0.14712527964205815,0.5862941741943359
894,89500.0,1.6207486033519554,26.0,1.6207486033519554,26.0,0.145,0.5854051113128662
895,89600.0,1.7507254464285715,41.0,1.7507254464285715,41.0,0.15744977678571428,0.5875129699707031
896,89700.0,1.6313600891861761,44.0,1.6313600891861761,44.0,0.14666666666666667,0.5920860767364502
897,89800.0,1.599599109131403,37.0,1.599599109131403,37.0,0.14283407572383072,0.5821738243103027
898,89900.0,1.5973081201334816,27.0,1.5973081201334816,27.0,0.14270300333704117,0.580329418182373
899,90000.0,2.4490333333333334,91.0,2.4490333333333334,91.0,0.18121666666666666,0.6046745777130127
900,90100.0,1.5874361820199778,30.0,1.5874361820199778,30.0,0.1420033296337403,0.5873267650604248
901,90200.0,1.6476053215077606,27.0,1.6476053215077606,27.0,0.147960088691796,0.5858511924743652
902,90300.0,1.6348726467331118,28.0,1.6348726467331118,28.0,0.14889258028792912,0.5838420391082764
903,90400.0,1.6546902654867257,38.0,1.6546902654867257,38.0,0.14760508849557522,0.5919766426086426
904,90500.0,1.6188618784530386,25.0,1.6188618784530386,25.0,0.1443977900552486,0.6003460884094238
905,90600.0,1.6235540838852096,28.0,1.6235540838852096,28.0,0.1456456953642384,0.5939977169036865
906,90700.0,1.5835281146637266,24.0,1.5835281146637266,24.0,0.14160418963616317,0.5971426963806152
907,90800.0,1.6198458149779735,36.0,1.6198458149779735,36.0,0.14551211453744495,0.5998330116271973
908,90900.0,1.845841584158416,50.0,1.845841584158416,50.0,0.1691969196919692,0.6004400253295898
909,91000.0,1.705054945054945,45.0,1.705054945054945,45.0,0.154,0.5943937301635742
910,91100.0,1.5861141602634468,30.0,1.5861141602634468,30.0,0.14201975850713502,0.5932257175445557
911,91200.0,1.7690350877192982,46.0,1.7690350877192982,46.0,0.15246162280701755,0.6093220710754395
912,91300.0,1.6087404162102956,35.0,1.6087404162102956,35.0,0.14472070098576123,0.5948224067687988
913,91400.0,1.5999343544857767,27.0,1.5999343544857767,27.0,0.14301969365426695,0.5938498973846436
914,91500.0,1.650327868852459,35.0,1.650327868852459,35.0,0.147896174863388,0.6004440784454346
915,91600.0,1.6335262008733624,44.0,1.6335262008733624,44.0,0.1461844978165939,0.604755163192749
916,91700.0,1.6197818974918212,34.0,1.6197818974918212,34.0,0.14591603053435115,0.5944018363952637
917,91800.0,1.9404684095860567,45.0,1.9404684095860567,45.0,0.17503812636165578,0.6053926944732666
918,91900.0,1.60620239390642,28.0,1.60620239390642,28.0,0.14297062023939064,0.6128299236297607
919,92000.0,1.7202391304347826,35.0,1.7202391304347826,35.0,0.1542717391304348,0.6166424751281738
920,92100.0,1.600901194353963,40.0,1.600901194353963,40.0,0.14251900108577634,0.6123299598693848
921,92200.0,1.5958459869848156,34.0,1.5958459869848156,34.0,0.14365509761388287,0.6109988689422607
922,92300.0,1.5919934994582883,25.0,1.5919934994582883,25.0,0.1432827735644637,0.5965280532836914
923,92400.0,1.7676839826839827,43.0,1.7676839826839827,43.0,0.15863095238095237,0.6075382232666016
924,92500.0,1.7440972972972972,32.0,1.7440972972972972,32.0,0.1494864864864865,0.6047255992889404
925,92600.0,1.6154319654427647,32.0,1.6154319654427647,32.0,0.1448596112311015,0.6071972846984863
926,92700.0,1.8448867313915858,39.0,1.8448867313915858,39.0,0.16991909385113269,0.6158397197723389
927,92800.0,1.6643534482758622,27.0,1.6643534482758622,27.0,0.1504418103448276,0.6058380603790283
928,92900.0,1.5842626480086115,31.0,1.5842626480086115,31.0,0.14126480086114102,0.6054689884185791
929,93000.0,1.6818172043010753,32.0,1.6818172043010753,32.0,0.1484301075268817,0.613619327545166
930,93100.0,1.6936197636949517,31.0,1.6936197636949517,31.0,0.154140708915145,0.603553295135498
931,93200.0,1.6315236051502147,30.0,1.6315236051502147,30.0,0.14648605150214591,0.6128354072570801
932,93300.0,1.6080171489817792,29.0,1.6080171489817792,29.0,0.14282958199356913,0.6062140464782715
933,93400.0,1.613693790149893,25.0,1.613693790149893,25.0,0.14453426124197002,0.6065349578857422
934,93500.0,1.6379144385026738,36.0,1.6379144385026738,36.0,0.14657219251336898,0.6058709621429443
935,93600.0,2.31474358974359,80.0,2.31474358974359,80.0,0.17749465811965812,0.6298058032989502
936,93700.0,1.5937139807897545,39.0,1.5937139807897545,39.0,0.1424813233724653,0.6051008701324463
937,93800.0,1.6470149253731343,27.0,1.6470149253731343,27.0,0.14954690831556502,0.6154487133026123
938,93900.0,1.611395101171459,35.0,1.611395101171459,35.0,0.14330670926517572,0.6222617626190186
939,94000.0,1.6804787234042553,36.0,1.6804787234042553,36.0,0.14838297872340425,0.6256973743438721
940,94100.0,1.584346439957492,44.0,1.584346439957492,44.0,0.1412221041445271,0.6331443786621094
941,94200.0,1.6434819532908704,34.0,1.6434819532908704,34.0,0.14663481953290872,0.6168293952941895
942,94300.0,1.6032449628844114,35.0,1.6032449628844114,35.0,0.14450689289501592,0.6213493347167969
943,94400.0,1.6683156779661017,34.0,1.6683156779661017,34.0,0.14916313559322034,0.6244478225708008
944,94500.0,1.943968253968254,37.0,1.943968253968254,37.0,0.17874074074074073,0.6205213069915771
945,94600.0,1.6297145877378436,36.0,1.6297145877378436,36.0,0.14693446088794926,0.6153273582458496
946,94700.0,1.585755015839493,29.0,1.585755015839493,29.0,0.14175818373812038,0.6214554309844971
947,94800.0,1.696951476793249,42.0,1.696951476793249,42.0,0.14890295358649788,0.620560884475708
948,94900.0,1.5983877766069547,41.0,1.5983877766069547,41.0,0.14317175974710222,0.6321537494659424
949,95000.0,1.9580947368421053,58.0,1.9580947368421053,58.0,0.15183157894736843,0.6241624355316162
950,95100.0,1.6006203995793902,27.0,1.6006203995793902,27.0,0.14386961093585698,0.6318790912628174
951,95200.0,1.693266806722689,41.0,1.693266806722689,41.0,0.1541386554621849,0.6142151355743408
952,95300.0,1.5838405036726129,29.0,1.5838405036726129,29.0,0.14116998950682055,0.6249604225158691
953,95400.0,1.9280922431865828,35.0,1.9280922431865828,35.0,0.1735167714884696,0.6438937187194824
954,95500.0,1.6330052356020943,39.0,1.6330052356020943,39.0,0.14548167539267015,0.6208364963531494
955,95600.0,1.6306485355648535,32.0,1.6306485355648535,32.0,0.14656903765690377,0.6179301738739014
956,95700.0,1.645914315569488,33.0,1.645914315569488,33.0,0.14725705329153604,0.6244707107543945
957,95800.0,1.6102818371607515,57.0,1.6102818371607515,57.0,0.14433716075156577,0.629474401473999
958,95900.0,1.6266423357664233,29.0,1.6266423357664233,29.0,0.1471689259645464,0.6273455619812012
959,96000.0,1.8000416666666668,44.0,1.8000416666666668,44.0,0.15566145833333334,0.6403801441192627
960,96100.0,1.5882726326742975,33.0,1.5882726326742975,33.0,0.1423621227887617,0.6293866634368896
961,96200.0,1.6291268191268191,31.0,1.6291268191268191,31.0,0.14707900207900207,0.6697046756744385
962,96300.0,1.838411214953271,46.0,1.838411214953271,46.0,0.1697871235721703,0.6470065116882324
963,96400.0,1.6192323651452283,26.0,1.6192323651452283,26.0,0.1462448132780083,0.6313366889953613
964,96500.0,1.613419689119171,28.0,1.613419689119171,28.0,0.14347150259067357,0.6294364929199219
965,96600.0,1.7040269151138716,32.0,1.7040269151138716,32.0,0.15566770186335405,0.6474118232727051
966,96700.0,1.5840330920372285,31.0,1.5840330920372285,31.0,0.14209410548086868,0.637916088104248
967,96800.0,2.0575103305785123,62.0,2.0575103305785123,62.0,0.16071797520661157,0.6674544811248779
968,96900.0,1.620247678018576,38.0,1.620247678018576,38.0,0.14578947368421052,0.6627531051635742
969,97000.0,1.6775360824742267,36.0,1.6775360824742267,36.0,0.14892268041237114,0.6513502597808838
970,97100.0,1.5942018537590112,30.0,1.5942018537590112,30.0,0.1420442842430484,0.650444507598877
971,97200.0,2.1946399176954734,85.0,2.1946399176954734,85.0,0.177119341563786,0.6473455429077148
972,97300.0,1.6217882836587874,32.0,1.6217882836587874,32.0,0.14816546762589927,0.6285059452056885
973,97400.0,1.6057597535934292,26.0,1.6057597535934292,26.0,0.14474845995893224,0.6333870887756348
974,97500.0,1.7544923076923078,45.0,1.7544923076923078,45.0,0.15173846153846154,0.6353940963745117
975,97600.0,1.6638012295081968,30.0,1.6638012295081968,30.0,0.14900102459016393,0.6379430294036865
976,97700.0,1.596806550665302,33.0,1.596806550665302,33.0,0.14194472876151484,0.6440186500549316
977,97800.0,1.636002044989775,26.0,1.636002044989775,26.0,0.14712167689161554,0.6651754379272461
978,97900.0,1.6186414708886618,28.0,1.6186414708886618,28.0,0.1453779366700715,0.685981273651123
979,98000.0,1.8335816326530612,45.0,1.8335816326530612,45.0,0.16458673469387755,0.6446306705474854
980,98100.0,1.8197145769622833,35.0,1.8197145769622833,35.0,0.16918960244648318,0.6574089527130127
981,98200.0,1.620356415478615,32.0,1.620356415478615,32.0,0.1446028513238289,0.6550939083099365
982,98300.0,1.5976703967446593,30.0,1.5976703967446593,30.0,0.14320447609359105,0.6468682289123535
983,98400.0,1.7494105691056911,52.0,1.7494105691056911,52.0,0.1506910569105691,0.6462655067443848
984,98500.0,1.622467005076142,26.0,1.622467005076142,26.0,0.14453807106598984,0.6468679904937744
985,98600.0,1.6199391480730223,32.0,1.6199391480730223,32.0,0.14605983772819472,0.650688886642456
986,98700.0,1.6558966565349544,32.0,1.6558966565349544,32.0,0.15091185410334346,0.6498448848724365
987,98800.0,1.646923076923077,32.0,1.646923076923077,32.0,0.14836538461538462,0.6435794830322266
988,98900.0,1.6119211324570273,31.0,1.6119211324570273,31.0,0.14519211324570272,0.6701626777648926
989,99000.0,2.012717171717172,49.0,2.012717171717172,49.0,0.17805555555555555,0.6601402759552002
990,99100.0,1.5967911200807265,32.0,1.5967911200807265,32.0,0.1424167507568113,0.6503560543060303
991,99200.0,1.6640625,31.0,1.6640625,31.0,0.1489163306451613,0.6438961029052734
992,99300.0,1.6090231621349447,31.0,1.6090231621349447,31.0,0.1441238670694864,0.6443440914154053
993,99400.0,1.6300503018108652,28.0,1.6300503018108652,28.0,0.14829979879275654,0.6508779525756836
994,99500.0,1.6121909547738693,31.0,1.6121909547738693,31.0,0.1447286432160804,0.6693344116210938
995,99600.0,1.6695682730923695,32.0,1.6695682730923695,32.0,0.14805722891566264,0.6503791809082031
996,99700.0,1.5852156469408225,36.0,1.5852156469408225,36.0,0.14198094282848545,0.6653985977172852
997,99800.0,1.6037775551102205,33.0,1.6037775551102205,33.0,0.1438677354709419,0.668262243270874
998,99900.0,1.8705205205205204,62.0,1.8705205205205204,62.0,0.17306806806806807,0.6591863632202148
